2025-09-13 12:58:16,545 - pyswarms.single.global_best - INFO - Optimize for 25 iters with {'w': 0.9, 'c1': 2.0, 'c2': 2.0}
2025-09-13 13:03:45,556 - pyswarms.single.global_best - INFO - Optimization finished | best cost: 0.25224188494782074, best pos: [4.89853041e+00 3.09108128e+02 3.28892979e+02 8.73835169e-01
 2.28961756e+02 7.44567686e+00 9.19627101e+00 8.89052313e+00
 3.81614514e+00 6.66324746e+02 7.79158114e+02 2.98824113e-01
 2.62041190e+02 6.33814243e+00 7.48185656e+00 3.54003808e+00]
2025-09-13 13:03:46,085 - pyswarms.single.global_best - INFO - Optimize for 25 iters with {'w': 0.9, 'c1': 2.0, 'c2': 2.0}
2026-01-17 12:01:25,940 - pyswarms.single.global_best - INFO - Optimize for 25 iters with {'w': 0.9, 'c1': 2.0, 'c2': 2.0}
2026-01-17 12:03:04,360 - pyswarms.single.global_best - INFO - Optimization finished | best cost: 0.17113923104401185, best pos: [3.71961338e+00 5.40022208e+02 4.21572808e+02 7.24774008e-01
 3.18334600e+02 7.78975696e+00 4.18070891e+00 8.84752796e+00
 3.56512802e+00 7.62686798e+02 2.02660228e+02 2.85239059e-01
 4.34349463e+02 4.22101052e+00 1.69727000e+00 2.96159184e+00
 2.42549720e-01 8.77164682e+02 6.62260121e+02 8.05322263e-01
 2.41166395e+02 8.88825486e+00 2.01447299e+00 9.19489277e+00]
2026-01-17 12:03:05,036 - pyswarms.single.global_best - INFO - Optimize for 25 iters with {'w': 0.9, 'c1': 2.0, 'c2': 2.0}
2026-01-17 12:04:33,653 - pyswarms.single.global_best - INFO - Optimization finished | best cost: 0.18361574141852377, best pos: [4.70483717e+00 4.41296186e+02 4.21881013e+02 6.69861411e-01
 1.13242410e+02 5.25148108e+00 9.92661631e+00 4.75524411e+00
 2.69951192e+00 3.88462293e+02 8.30145032e+02 1.90992518e-01
 2.06391102e+02 5.43598555e+00 5.12840813e+00 1.09247658e+00
 1.41764312e+00 8.87236035e+02 6.71741208e+02 5.69936851e-01
 4.79656268e+02 8.68494876e+00 5.51967209e+00 1.23160239e+00]
2026-01-17 12:04:34,306 - pyswarms.single.global_best - INFO - Optimize for 25 iters with {'w': 0.9, 'c1': 2.0, 'c2': 2.0}
2026-01-17 12:07:01,284 - pyswarms.single.global_best - INFO - Optimization finished | best cost: 0.18273577695809773, best pos: [4.81102966e+00 5.10043814e+02 3.86596240e+02 7.05262322e-01
 4.34321954e+02 2.48079108e+00 7.52931111e+00 3.50564254e+00
 3.65862103e+00 9.52484281e+02 6.65749498e+02 7.34149422e-01
 1.72353932e+02 4.13297273e+00 5.08551387e+00 1.02526041e+00
 4.75389739e+00 6.51973675e+02 3.69143499e+02 4.96155242e-01
 1.05270149e+02 9.97367278e+00 5.23830024e+00 8.25701168e+00
 3.10400301e+00 3.98748067e+02 2.72657829e+02 7.94431510e-01
 2.67179539e+01 3.45346031e+00 5.81011415e+00 3.62381613e+00]
2026-01-17 12:07:01,962 - pyswarms.single.global_best - INFO - Optimize for 25 iters with {'w': 0.9, 'c1': 2.0, 'c2': 2.0}
2026-01-17 12:09:26,810 - pyswarms.single.global_best - INFO - Optimization finished | best cost: 0.13774251055982434, best pos: [3.58659434e+00 1.59051291e+02 5.11475377e+02 6.94496288e-01
 1.47436331e+02 5.41980134e+00 5.72574331e+00 3.38827151e+00
 4.85042637e+00 3.41361519e+02 8.86239452e+02 2.07289565e-01
 2.23059772e+02 7.81878698e+00 4.95150133e+00 4.39475375e+00]
2026-01-17 12:09:27,517 - pyswarms.single.global_best - INFO - Optimize for 25 iters with {'w': 0.9, 'c1': 2.0, 'c2': 2.0}
2026-01-17 12:10:20,411 - pyswarms.single.global_best - INFO - Optimization finished | best cost: 0.1430678039396931, best pos: [3.29311842e+00 3.65798853e+02 9.22043630e+02 9.46676459e-01
 3.69248976e+02 7.39274192e+00 5.56592124e+00 8.96671775e+00
 4.90642379e+00 6.42570552e+02 4.30589115e+02 1.60016606e-01
 1.77425811e+02 7.15309263e+00 6.58860093e+00 1.82279548e+00]
2026-01-17 12:10:21,035 - pyswarms.single.global_best - INFO - Optimize for 25 iters with {'w': 0.9, 'c1': 2.0, 'c2': 2.0}
2026-01-17 12:12:17,523 - pyswarms.single.global_best - INFO - Optimization finished | best cost: 0.3510878794553902, best pos: [  4.6403562  781.862079   149.51936823   0.83077081 213.1969822
   4.73727173   4.47218278   8.20217483   4.61710333 398.22019594
 483.28246308   0.86037719 202.17410653   7.2708072    6.8984048
   4.15328943]
2026-01-17 12:12:18,127 - pyswarms.single.global_best - INFO - Optimize for 25 iters with {'w': 0.9, 'c1': 2.0, 'c2': 2.0}
2026-01-17 12:13:19,267 - pyswarms.single.global_best - INFO - Optimization finished | best cost: 0.12723469494777306, best pos: [3.80526449e+00 9.53866944e+02 2.62352734e+02 7.12815148e-01
 2.63110708e+02 8.87086379e+00 6.29124892e+00 6.72947617e+00
 4.02682412e+00 1.69005093e+02 4.17707141e+02 3.56078717e-01
 3.28374575e+02 2.01692371e+00 6.62225253e+00 2.18911359e+00]
2026-01-17 12:13:19,908 - pyswarms.single.global_best - INFO - Optimize for 25 iters with {'w': 0.9, 'c1': 2.0, 'c2': 2.0}
2026-01-17 12:14:45,782 - pyswarms.single.global_best - INFO - Optimization finished | best cost: 0.2010074976635321, best pos: [4.84127926e+00 5.95642033e+02 3.34586887e+02 9.53572556e-01
 3.42301741e+01 3.38149415e+00 4.64822370e+00 7.28904400e+00
 3.54342957e-01 3.57482471e+02 5.89034634e+02 4.90235434e-01
 4.74820009e+02 3.17862885e+00 7.33445017e+00 9.77816489e+00]
2026-01-17 12:14:46,411 - pyswarms.single.global_best - INFO - Optimize for 25 iters with {'w': 0.9, 'c1': 2.0, 'c2': 2.0}
2026-01-17 12:15:42,142 - pyswarms.single.global_best - INFO - Optimize for 25 iters with {'w': 0.9, 'c1': 2.0, 'c2': 2.0}
2026-01-17 12:17:19,489 - pyswarms.single.global_best - INFO - Optimization finished | best cost: 0.17113923104401185, best pos: [3.71961338e+00 5.40022208e+02 4.21572808e+02 7.24774008e-01
 3.18334600e+02 7.78975696e+00 4.18070891e+00 8.84752796e+00
 3.56512802e+00 7.62686798e+02 2.02660228e+02 2.85239059e-01
 4.34349463e+02 4.22101052e+00 1.69727000e+00 2.96159184e+00
 2.42549720e-01 8.77164682e+02 6.62260121e+02 8.05322263e-01
 2.41166395e+02 8.88825486e+00 2.01447299e+00 9.19489277e+00]
2026-01-17 12:17:21,684 - pyswarms.single.global_best - INFO - Optimize for 25 iters with {'w': 0.9, 'c1': 2.0, 'c2': 2.0}
2026-01-17 12:18:52,796 - pyswarms.single.global_best - INFO - Optimization finished | best cost: 0.18361574141852377, best pos: [4.70483717e+00 4.41296186e+02 4.21881013e+02 6.69861411e-01
 1.13242410e+02 5.25148108e+00 9.92661631e+00 4.75524411e+00
 2.69951192e+00 3.88462293e+02 8.30145032e+02 1.90992518e-01
 2.06391102e+02 5.43598555e+00 5.12840813e+00 1.09247658e+00
 1.41764312e+00 8.87236035e+02 6.71741208e+02 5.69936851e-01
 4.79656268e+02 8.68494876e+00 5.51967209e+00 1.23160239e+00]
2026-01-17 12:18:54,862 - pyswarms.single.global_best - INFO - Optimize for 25 iters with {'w': 0.9, 'c1': 2.0, 'c2': 2.0}
2026-01-17 12:20:44,790 - pyswarms.single.global_best - INFO - Optimization finished | best cost: 0.18273577695809773, best pos: [4.81102966e+00 5.10043814e+02 3.86596240e+02 7.05262322e-01
 4.34321954e+02 2.48079108e+00 7.52931111e+00 3.50564254e+00
 3.65862103e+00 9.52484281e+02 6.65749498e+02 7.34149422e-01
 1.72353932e+02 4.13297273e+00 5.08551387e+00 1.02526041e+00
 4.75389739e+00 6.51973675e+02 3.69143499e+02 4.96155242e-01
 1.05270149e+02 9.97367278e+00 5.23830024e+00 8.25701168e+00
 3.10400301e+00 3.98748067e+02 2.72657829e+02 7.94431510e-01
 2.67179539e+01 3.45346031e+00 5.81011415e+00 3.62381613e+00]
2026-01-17 12:20:47,053 - pyswarms.single.global_best - INFO - Optimize for 25 iters with {'w': 0.9, 'c1': 2.0, 'c2': 2.0}
2026-01-17 12:22:48,987 - pyswarms.single.global_best - INFO - Optimization finished | best cost: 0.13774251055982434, best pos: [3.58659434e+00 1.59051291e+02 5.11475377e+02 6.94496288e-01
 1.47436331e+02 5.41980134e+00 5.72574331e+00 3.38827151e+00
 4.85042637e+00 3.41361519e+02 8.86239452e+02 2.07289565e-01
 2.23059772e+02 7.81878698e+00 4.95150133e+00 4.39475375e+00]
2026-01-17 12:22:51,036 - pyswarms.single.global_best - INFO - Optimize for 25 iters with {'w': 0.9, 'c1': 2.0, 'c2': 2.0}
2026-01-17 12:23:43,857 - pyswarms.single.global_best - INFO - Optimization finished | best cost: 0.1430678039396931, best pos: [3.29311842e+00 3.65798853e+02 9.22043630e+02 9.46676459e-01
 3.69248976e+02 7.39274192e+00 5.56592124e+00 8.96671775e+00
 4.90642379e+00 6.42570552e+02 4.30589115e+02 1.60016606e-01
 1.77425811e+02 7.15309263e+00 6.58860093e+00 1.82279548e+00]
2026-01-17 12:23:45,934 - pyswarms.single.global_best - INFO - Optimize for 25 iters with {'w': 0.9, 'c1': 2.0, 'c2': 2.0}
2026-01-17 12:25:45,773 - pyswarms.single.global_best - INFO - Optimization finished | best cost: 0.3510878794553902, best pos: [  4.6403562  781.862079   149.51936823   0.83077081 213.1969822
   4.73727173   4.47218278   8.20217483   4.61710333 398.22019594
 483.28246308   0.86037719 202.17410653   7.2708072    6.8984048
   4.15328943]
2026-01-17 12:25:47,695 - pyswarms.single.global_best - INFO - Optimize for 25 iters with {'w': 0.9, 'c1': 2.0, 'c2': 2.0}
2026-01-17 12:26:48,656 - pyswarms.single.global_best - INFO - Optimization finished | best cost: 0.12723469494777306, best pos: [3.80526449e+00 9.53866944e+02 2.62352734e+02 7.12815148e-01
 2.63110708e+02 8.87086379e+00 6.29124892e+00 6.72947617e+00
 4.02682412e+00 1.69005093e+02 4.17707141e+02 3.56078717e-01
 3.28374575e+02 2.01692371e+00 6.62225253e+00 2.18911359e+00]
2026-01-17 12:26:50,621 - pyswarms.single.global_best - INFO - Optimize for 25 iters with {'w': 0.9, 'c1': 2.0, 'c2': 2.0}
2026-01-17 12:28:15,988 - pyswarms.single.global_best - INFO - Optimization finished | best cost: 0.2010074976635321, best pos: [4.84127926e+00 5.95642033e+02 3.34586887e+02 9.53572556e-01
 3.42301741e+01 3.38149415e+00 4.64822370e+00 7.28904400e+00
 3.54342957e-01 3.57482471e+02 5.89034634e+02 4.90235434e-01
 4.74820009e+02 3.17862885e+00 7.33445017e+00 9.77816489e+00]
2026-01-17 12:28:17,957 - pyswarms.single.global_best - INFO - Optimize for 25 iters with {'w': 0.9, 'c1': 2.0, 'c2': 2.0}
2026-01-17 12:30:03,250 - pyswarms.single.global_best - INFO - Optimization finished | best cost: 0.19747645027842664, best pos: [2.86498895e+00 7.87660771e+02 3.25413248e+01 7.45525776e-01
 1.84591480e+02 7.14295317e+00 1.30725356e+00 4.34013495e+00
 3.77726342e+00 3.71253784e+02 7.50991225e+02 4.73040871e-01
 8.54118479e+00 8.63965472e+00 8.64218714e+00 4.25967955e+00
 4.90231567e+00 1.89660752e+02 5.49717415e+02 4.38709181e-01
 4.40212533e+01 4.92371508e+00 9.61767959e+00 3.26990077e+00]
2026-01-17 12:30:06,570 - pyswarms.single.global_best - INFO - Optimize for 25 iters with {'w': 0.9, 'c1': 2.0, 'c2': 2.0}
2026-01-17 12:33:01,959 - pyswarms.single.global_best - INFO - Optimization finished | best cost: 0.16727731098746246, best pos: [4.79485049e+00 9.05971935e+02 2.37963417e+02 8.45479772e-01
 1.55090511e+02 6.44910268e+00 6.92392111e+00 7.77308234e+00
 3.47879689e+00 5.94899763e+02 5.12703130e+02 2.52053819e-01
 1.64852849e+02 7.67637119e+00 8.79479166e+00 5.63420910e+00
 3.73495906e+00 3.44400456e+02 7.14414773e+02 4.48738298e-01
 4.99672759e+02 6.29091019e+00 1.89317284e+00 2.08331416e+00]
2026-01-17 12:33:13,319 - pyswarms.single.global_best - INFO - Optimize for 25 iters with {'w': 0.9, 'c1': 2.0, 'c2': 2.0}
2026-01-17 12:36:17,342 - pyswarms.single.global_best - INFO - Optimization finished | best cost: 0.1718467738363223, best pos: [9.54437093e-01 3.21810832e+02 4.00661768e+02 7.35825107e-01
 4.77748023e+02 7.24930131e+00 1.44924961e+00 8.90184290e+00
 3.01521037e-01 5.54963134e+02 2.49282698e+02 8.07928647e-01
 2.79228070e+00 9.86403259e+00 2.84850664e+00 4.05047337e+00
 4.69761065e+00 1.85084325e+02 1.60438580e+02 9.59937058e-01
 2.67316985e+02 5.89706383e+00 7.21240097e+00 1.86822198e+00]
2026-01-17 12:36:19,539 - pyswarms.single.global_best - INFO - Optimize for 25 iters with {'w': 0.9, 'c1': 2.0, 'c2': 2.0}
2026-01-17 12:38:00,495 - pyswarms.single.global_best - INFO - Optimization finished | best cost: 0.317672816783076, best pos: [4.73055051e+00 1.17230952e+02 8.46155278e+02 7.10566247e-01
 2.11674845e+02 9.97473982e+00 7.79864671e+00 8.79821348e+00
 4.90243575e+00 4.20813338e+01 4.59427323e+02 2.09700783e-01
 1.41730553e+02 2.83757253e+00 8.63212252e+00 3.39193802e+00]
2026-01-17 12:38:02,531 - pyswarms.single.global_best - INFO - Optimize for 25 iters with {'w': 0.9, 'c1': 2.0, 'c2': 2.0}
2026-01-17 12:39:48,978 - pyswarms.single.global_best - INFO - Optimization finished | best cost: 0.18273577695809773, best pos: [4.81102966e+00 5.10043814e+02 3.86596240e+02 7.05262322e-01
 4.34321954e+02 2.48079108e+00 7.52931111e+00 3.50564254e+00
 3.65862103e+00 9.52484281e+02 6.65749498e+02 7.34149422e-01
 1.72353932e+02 4.13297273e+00 5.08551387e+00 1.02526041e+00
 4.75389739e+00 6.51973675e+02 3.69143499e+02 4.96155242e-01
 1.05270149e+02 9.97367278e+00 5.23830024e+00 8.25701168e+00
 3.10400301e+00 3.98748067e+02 2.72657829e+02 7.94431510e-01
 2.67179539e+01 3.45346031e+00 5.81011415e+00 3.62381613e+00]
2026-01-17 12:39:51,342 - pyswarms.single.global_best - INFO - Optimize for 25 iters with {'w': 0.9, 'c1': 2.0, 'c2': 2.0}
2026-01-17 12:41:26,384 - pyswarms.single.global_best - INFO - Optimization finished | best cost: 0.22481601935697815, best pos: [4.69321041e+00 3.86597017e+02 2.82163185e+02 7.11438865e-01
 4.04011783e+02 4.16669689e+00 5.00777161e+00 9.04884442e+00
 3.80847120e-01 3.85005251e+02 6.44434461e+02 9.37174757e-01
 4.66615630e+01 4.52558329e+00 7.63677345e+00 2.90221214e+00]
2026-01-17 12:41:28,639 - pyswarms.single.global_best - INFO - Optimize for 25 iters with {'w': 0.9, 'c1': 2.0, 'c2': 2.0}
2026-01-17 12:42:43,044 - pyswarms.single.global_best - INFO - Optimization finished | best cost: 0.1859489311623973, best pos: [4.94973072e+00 9.96483707e+02 3.83745473e+02 5.77393071e-01
 1.56336741e+02 9.40153029e+00 5.11522026e+00 5.68472895e+00
 2.66907236e-01 3.67680675e+02 2.14207117e+02 7.02905538e-01
 3.84861743e+01 3.93606984e+00 9.12895042e+00 3.80639962e+00]
2026-01-17 12:42:45,270 - pyswarms.single.global_best - INFO - Optimize for 25 iters with {'w': 0.9, 'c1': 2.0, 'c2': 2.0}
2026-01-17 12:44:38,103 - pyswarms.single.global_best - INFO - Optimization finished | best cost: 0.394568357694263, best pos: [4.14698451e+00 4.99645346e+02 8.22802502e+01 6.33109521e-01
 4.48170125e+02 7.13583094e+00 5.43814738e+00 1.82338365e+00
 4.55065560e+00 3.83925079e+02 6.59433394e+02 3.28775691e-01
 1.35069609e+02 7.18925998e+00 7.12323372e+00 4.46104301e+00]
2026-01-17 12:44:40,381 - pyswarms.single.global_best - INFO - Optimize for 25 iters with {'w': 0.9, 'c1': 2.0, 'c2': 2.0}
2026-01-17 12:46:04,496 - pyswarms.single.global_best - INFO - Optimization finished | best cost: 0.12820854960893724, best pos: [4.03928542e+00 5.46702524e+02 6.97729818e+02 6.01385098e-01
 6.16219145e+01 7.16258534e+00 4.14878557e+00 1.40685402e+00
 4.80714777e+00 4.96567677e+02 1.05524598e+02 5.24305017e-01
 4.66440501e+02 4.11269096e+00 2.31086440e+00 3.29108125e+00]
2026-01-17 12:46:06,820 - pyswarms.single.global_best - INFO - Optimize for 25 iters with {'w': 0.9, 'c1': 2.0, 'c2': 2.0}
2026-01-17 12:47:37,795 - pyswarms.single.global_best - INFO - Optimization finished | best cost: 0.2010074976635321, best pos: [4.84127926e+00 5.95642033e+02 3.34586887e+02 9.53572556e-01
 3.42301741e+01 3.38149415e+00 4.64822370e+00 7.28904400e+00
 3.54342957e-01 3.57482471e+02 5.89034634e+02 4.90235434e-01
 4.74820009e+02 3.17862885e+00 7.33445017e+00 9.77816489e+00]
2026-01-17 12:47:40,131 - pyswarms.single.global_best - INFO - Optimize for 25 iters with {'w': 0.9, 'c1': 2.0, 'c2': 2.0}
2026-01-17 12:50:29,392 - pyswarms.single.global_best - INFO - Optimization finished | best cost: 0.18200736904103976, best pos: [3.09894502e+00 9.74590633e+02 7.09793566e+02 3.82409031e-01
 4.02269444e+01 9.66366195e+00 5.92258762e+00 7.11304087e+00
 3.74201519e+00 9.68899158e+02 2.22872022e+02 8.66429388e-01
 1.97083037e+01 4.85203758e+00 6.85500596e+00 6.32609991e+00
 4.52380521e+00 3.08581231e+02 1.46597020e+02 1.59206322e-01
 4.41881194e+02 4.57093844e+00 8.87296823e+00 7.54910372e+00]
2026-01-17 12:50:31,577 - pyswarms.single.global_best - INFO - Optimize for 25 iters with {'w': 0.9, 'c1': 2.0, 'c2': 2.0}
2026-01-17 12:51:50,712 - pyswarms.single.global_best - INFO - Optimization finished | best cost: 0.18257583292128265, best pos: [4.57193775e+00 6.55771484e+02 7.47648081e+02 7.35399486e-01
 4.38675255e+02 8.40750736e+00 2.69159862e+00 9.26362425e+00
 2.65436693e+00 1.24894760e+02 4.03098353e+02 4.97318742e-01
 3.78389743e+02 3.50910271e+00 4.61441359e+00 9.56491865e+00
 4.23060748e+00 2.96731300e+02 3.53296325e+02 4.40470567e-01
 5.06936905e+01 8.84661575e+00 8.06112076e+00 9.94229715e+00]
2026-01-17 12:51:56,235 - pyswarms.single.global_best - INFO - Optimize for 25 iters with {'w': 0.9, 'c1': 2.0, 'c2': 2.0}
2026-01-17 12:52:51,579 - pyswarms.single.global_best - INFO - Optimization finished | best cost: 0.13279855300872878, best pos: [4.73392623e+00 5.22692133e+02 2.81510461e+02 9.73938477e-01
 4.05360850e+02 3.05960187e+00 4.31749137e+00 1.21279506e+00
 3.15283200e+00 8.87567809e+02 2.39851773e+02 4.89679641e-01
 1.61233740e+02 5.67353318e+00 3.58424948e+00 7.86369755e+00]
2026-01-17 12:52:53,654 - pyswarms.single.global_best - INFO - Optimize for 25 iters with {'w': 0.9, 'c1': 2.0, 'c2': 2.0}
2026-01-17 12:54:34,222 - pyswarms.single.global_best - INFO - Optimization finished | best cost: 0.317672816783076, best pos: [4.73055051e+00 1.17230952e+02 8.46155278e+02 7.10566247e-01
 2.11674845e+02 9.97473982e+00 7.79864671e+00 8.79821348e+00
 4.90243575e+00 4.20813338e+01 4.59427323e+02 2.09700783e-01
 1.41730553e+02 2.83757253e+00 8.63212252e+00 3.39193802e+00]
2026-01-17 12:54:36,197 - pyswarms.single.global_best - INFO - Optimize for 25 iters with {'w': 0.9, 'c1': 2.0, 'c2': 2.0}
2026-01-17 12:55:36,338 - pyswarms.single.global_best - INFO - Optimization finished | best cost: 0.1430863927788092, best pos: [4.75703354e+00 7.06301668e+02 6.94712200e+02 3.63783401e-01
 2.17038757e+02 7.12952560e+00 3.69376612e+00 2.08353355e+00
 3.75553903e+00 4.42047629e+02 9.76985248e+02 2.29056414e-01
 2.99896151e+02 3.49786110e+00 6.10556069e+00 8.17449154e+00]
2026-01-17 12:55:38,264 - pyswarms.single.global_best - INFO - Optimize for 25 iters with {'w': 0.9, 'c1': 2.0, 'c2': 2.0}
2026-01-17 12:56:53,457 - pyswarms.single.global_best - INFO - Optimization finished | best cost: 0.23872846878077614, best pos: [4.37289610e+00 3.99669534e+02 7.05786698e+02 6.43918216e-01
 4.65201453e+02 4.02154034e+00 5.86316127e+00 9.32779768e+00
 1.97726443e+00 8.82839627e+02 1.79573986e+01 5.56760574e-01
 2.54060224e+02 7.30978077e+00 2.83979334e+00 3.57748080e+00
 4.80736961e+00 7.30817746e+02 5.81954295e+02 7.03317555e-01
 1.73043650e+02 7.67004277e+00 2.57184203e+00 7.63969141e+00
 2.44882032e+00 6.66141893e+02 2.78656391e+02 6.09621288e-01
 7.96953452e+01 8.77619272e+00 3.56814415e+00 3.77150223e+00]
2026-01-17 12:56:55,598 - pyswarms.single.global_best - INFO - Optimize for 25 iters with {'w': 0.9, 'c1': 2.0, 'c2': 2.0}
2026-01-17 12:58:41,165 - pyswarms.single.global_best - INFO - Optimization finished | best cost: 0.15212174334198192, best pos: [3.60645359e+00 4.72474062e+02 8.85974723e+02 2.38250016e-01
 7.45122087e+01 9.71433807e+00 1.49082201e+00 9.55606911e+00
 1.48601353e+00 1.28338445e+02 4.86885074e+02 9.07213660e-01
 4.40323037e+02 4.04650658e+00 3.31951993e+00 8.67352052e+00
 4.75968552e+00 9.63134246e+02 3.06731184e+02 9.64612189e-01
 1.77591367e+02 4.03463983e+00 8.18006971e+00 1.82662013e+00]
2026-01-17 12:58:43,373 - pyswarms.single.global_best - INFO - Optimize for 25 iters with {'w': 0.9, 'c1': 2.0, 'c2': 2.0}
2026-01-17 13:00:38,089 - pyswarms.single.global_best - INFO - Optimization finished | best cost: 0.1508070082169214, best pos: [1.57236073e+00 4.99204374e+02 4.24839134e+02 2.26650542e-01
 4.60937550e+02 9.48029232e+00 6.30468727e+00 5.19330665e+00
 7.53367052e-01 8.57625871e+02 6.40425521e+02 9.47568315e-01
 1.71239203e+02 5.09227525e+00 2.93330012e+00 5.55697044e+00
 4.66203521e+00 2.03377371e+02 9.76008767e+02 1.42254590e-01
 5.26734128e+01 7.58575264e+00 9.25904564e+00 1.29966976e+00]
2026-01-17 13:00:40,119 - pyswarms.single.global_best - INFO - Optimize for 25 iters with {'w': 0.9, 'c1': 2.0, 'c2': 2.0}
2026-01-17 13:02:19,357 - pyswarms.single.global_best - INFO - Optimization finished | best cost: 0.1323720682657058, best pos: [  3.71597936 719.31815314 402.2275683    0.93887732 308.41752573
   5.59696852   3.2991413    1.32181096   4.73791138 693.29857571
 592.42226436   0.9859113  107.44299313   7.44857798   5.02153856
   2.09979574]
2026-01-17 13:02:21,383 - pyswarms.single.global_best - INFO - Optimize for 25 iters with {'w': 0.9, 'c1': 2.0, 'c2': 2.0}
2026-01-17 13:03:47,729 - pyswarms.single.global_best - INFO - Optimization finished | best cost: 0.14522840943898763, best pos: [4.51803922e+00 2.32763224e+02 8.07396050e+02 1.53184501e-01
 4.49524847e+02 7.20614838e+00 8.86804052e+00 1.00169560e+00
 8.45405352e-01 3.89759448e+02 3.79502965e+02 3.04057345e-01
 1.91424358e+02 3.03078970e+00 4.71485016e+00 8.22118896e+00
 2.39535032e+00 1.80001871e+01 4.21444099e+02 1.24457514e-01
 4.83155462e+02 3.01963168e+00 7.36919494e+00 9.75498691e+00]
2026-01-17 13:03:49,600 - pyswarms.single.global_best - INFO - Optimize for 25 iters with {'w': 0.9, 'c1': 2.0, 'c2': 2.0}
2026-01-17 13:05:02,102 - pyswarms.single.global_best - INFO - Optimization finished | best cost: 0.1372774725874153, best pos: [3.54625166e+00 3.97275020e+02 5.35819313e+02 4.78720491e-01
 9.43157433e+01 8.96230924e+00 9.63905242e+00 7.01727936e+00
 4.81599348e+00 2.41982006e+02 5.08473408e+02 9.54633887e-01
 3.29403392e+02 3.13819952e+00 2.84011182e+00 2.15728338e+00]
2026-01-17 13:05:04,254 - pyswarms.single.global_best - INFO - Optimize for 25 iters with {'w': 0.9, 'c1': 2.0, 'c2': 2.0}
2026-01-17 13:06:18,647 - pyswarms.single.global_best - INFO - Optimization finished | best cost: 0.1461226882067681, best pos: [4.91447226e+00 5.56354910e+02 4.39697927e+02 5.39897042e-01
 4.02080443e+02 8.58128247e+00 4.79491725e+00 1.41185957e+00
 3.74726257e+00 9.52658247e+02 4.73773609e+02 7.29574071e-01
 3.26521645e+02 4.86585645e+00 6.28242578e+00 1.82879192e+00
 3.58868354e+00 7.64309698e+02 6.21291752e+02 6.82201071e-01
 2.15344267e+02 4.26438575e+00 1.19496331e+00 6.45170092e+00]
2026-01-17 13:06:21,102 - pyswarms.single.global_best - INFO - Optimize for 25 iters with {'w': 0.9, 'c1': 2.0, 'c2': 2.0}
2026-01-17 13:06:41,550 - pyswarms.single.global_best - INFO - Optimization finished | best cost: 0.0, best pos: [1.43929911e+00 5.16450986e+02 3.63320311e+02 8.52149986e-01
 3.64540512e+01 9.79574929e+00 8.04300269e+00 7.43562065e+00
 9.76606499e-01 7.06147088e+02 9.71823598e+02 4.98210961e-01
 2.20307247e+02 7.47579221e+00 5.17011596e+00 5.09140264e+00
 1.51400436e+00 2.15142115e+02 8.30606328e+02 4.00469109e-01
 3.77736140e+02 3.85620068e+00 8.35591694e+00 8.79273917e+00
 1.63036270e-01 3.83183353e+02 6.81360067e+02 9.54661884e-01
 1.86283170e+02 4.89976443e+00 6.73003229e+00 8.03145689e+00]
2026-01-17 13:06:42,080 - pyswarms.single.global_best - INFO - Optimize for 25 iters with {'w': 0.9, 'c1': 2.0, 'c2': 2.0}
2026-01-17 13:07:10,783 - pyswarms.single.global_best - INFO - Optimization finished | best cost: 0.006218434343434276, best pos: [3.94525133e-01 3.57566861e+02 1.34405279e+01 6.83241816e-01
 3.10131054e+02 9.44219471e+00 2.82820203e+00 1.55967926e+00
 4.13511861e+00 5.67244593e+02 5.55896873e+02 2.53511219e-01
 4.83664559e+02 3.14188290e+00 5.84045202e+00 3.35013837e+00
 3.41138650e+00 8.85314170e+02 3.34590599e+02 5.52516565e-01
 2.25618907e+02 9.51114880e+00 3.07224717e+00 5.55100652e+00
 1.42061049e+00 7.62045780e+02 6.39080024e+02 5.33582661e-01
 1.05744791e+02 3.49302969e+00 3.87900691e+00 7.11675753e+00
 2.94581172e-01 8.87659636e+02 9.56845597e+02 5.08186066e-01
 1.83822974e+02 8.58002646e+00 2.10389228e+00 2.08783676e+00]
2026-01-17 13:07:11,426 - pyswarms.single.global_best - INFO - Optimize for 25 iters with {'w': 0.9, 'c1': 2.0, 'c2': 2.0}
2026-01-17 13:07:33,665 - pyswarms.single.global_best - INFO - Optimization finished | best cost: 0.005600118835412893, best pos: [2.61946844e+00 1.58186012e+02 5.97974072e+02 2.08170938e-01
 4.86527470e+02 5.36931872e+00 4.29860000e+00 6.55622774e+00
 1.28121483e+00 8.87606607e+02 2.13967761e+02 3.85171237e-01
 2.33779734e+02 7.58795452e+00 5.56374153e+00 5.36259826e+00
 2.73657080e-01 3.50259166e+02 2.64934919e+02 5.02198967e-01
 4.74935783e+02 6.96288116e+00 8.03412439e+00 6.54729832e+00
 4.89625044e-01 4.16835318e+02 5.51117227e+02 1.63992896e-01
 2.69834067e+02 3.89908389e+00 4.12658680e+00 5.02175847e+00
 8.79136991e-01 5.21277518e+02 5.52739620e+02 2.28968888e-01
 1.86586908e+02 4.37422621e+00 6.51095730e+00 9.17621512e+00]
2026-01-17 13:07:34,237 - pyswarms.single.global_best - INFO - Optimize for 25 iters with {'w': 0.9, 'c1': 2.0, 'c2': 2.0}
2026-01-17 13:07:55,999 - pyswarms.single.global_best - INFO - Optimization finished | best cost: 0.010905494574225294, best pos: [1.83332360e+00 8.21600245e+02 5.96142232e+02 3.55247318e-01
 3.45810866e+02 6.80505309e+00 2.21084027e+00 2.09783693e+00
 1.16725312e+00 6.69591601e+02 1.33328195e+02 1.63485448e-01
 3.49477688e+02 3.22805110e+00 4.88334141e+00 7.88147045e+00
 1.24335392e-01 8.23422286e+02 4.11871904e+02 9.24666545e-01
 4.87147101e+02 3.72320183e+00 5.92963633e+00 9.32893055e+00
 2.43095210e+00 4.63558691e+02 9.11657522e+02 7.10965933e-01
 5.21278507e+01 9.39467664e+00 4.44750112e+00 8.20037258e+00
 2.32717757e+00 2.53438889e+02 2.09355617e+02 6.83708452e-01
 3.37135435e+02 3.91796340e+00 6.24189750e+00 9.43949620e+00]
2026-01-17 13:07:56,568 - pyswarms.single.global_best - INFO - Optimize for 25 iters with {'w': 0.9, 'c1': 2.0, 'c2': 2.0}
2026-01-17 13:08:17,070 - pyswarms.single.global_best - INFO - Optimization finished | best cost: 0.0, best pos: [3.55038323e-01 8.01801061e+01 3.54771356e+02 9.47553140e-01
 3.34617751e+02 7.42935965e+00 4.25727992e+00 6.34294712e+00
 5.06559201e-02 6.36096083e+02 9.13286956e+02 6.51316122e-01
 4.36975598e+02 7.79178444e+00 2.08502575e+00 9.12207977e+00
 3.32219222e-01 5.33967519e+02 1.42137210e+02 1.10535950e-01
 2.11595096e+02 4.36032566e+00 5.37400444e+00 6.19479898e+00
 2.18695362e-01 1.23003383e+02 5.58642441e+02 4.08850618e-01
 3.64857570e+02 7.21833319e+00 8.61043927e+00 7.23243544e+00]
2026-01-17 13:08:17,650 - pyswarms.single.global_best - INFO - Optimize for 25 iters with {'w': 0.9, 'c1': 2.0, 'c2': 2.0}
2026-01-17 13:08:42,166 - pyswarms.single.global_best - INFO - Optimization finished | best cost: 0.0055413105413105734, best pos: [9.48977635e-01 5.46988389e+02 6.51425291e+02 9.26139922e-01
 3.58866778e+02 7.90056492e+00 8.26553738e+00 1.66087733e+00
 4.07726174e-01 8.45688207e+02 2.83581078e+02 7.23971111e-01
 2.02753367e+02 7.69289538e+00 8.24427906e+00 5.70471487e+00
 4.39807651e+00 8.91081922e+02 2.70376758e+02 8.95140435e-01
 2.67003688e+02 8.16818426e+00 8.43163275e+00 2.86709978e+00
 3.50975671e+00 5.22947481e+02 2.89073947e+02 1.23843581e-01
 2.77145563e+02 7.72583881e+00 2.07383743e+00 2.69935811e+00
 4.95216447e+00 3.74856282e+02 9.98916646e+02 6.67944643e-01
 3.65746607e+02 6.27932156e+00 4.63697930e+00 7.34678589e+00]
2026-01-17 13:08:42,795 - pyswarms.single.global_best - INFO - Optimize for 25 iters with {'w': 0.9, 'c1': 2.0, 'c2': 2.0}
2026-01-17 13:09:10,319 - pyswarms.single.global_best - INFO - Optimization finished | best cost: 0.0, best pos: [3.65364133e+00 5.51729944e+02 1.97882639e+02 9.25053770e-01
 2.67246225e+02 9.83384153e+00 9.29803431e+00 7.84407306e+00
 3.13531609e+00 6.90317771e+02 8.38161206e+02 8.90452949e-01
 3.38269728e+02 5.14737645e+00 3.73168743e+00 4.58708486e+00
 4.30156978e+00 8.42402299e+02 4.92643660e+02 6.88121090e-01
 5.37651386e+01 6.44707587e+00 8.26812084e+00 9.11667463e+00
 8.47894894e-01 2.15743517e+02 4.76620261e+02 7.06511803e-01
 2.11383858e+02 8.82749547e+00 2.47178480e+00 4.74684308e+00
 4.53547273e+00 8.30104457e+02 8.25112452e+02 4.77844513e-01
 1.23661568e+02 7.25322117e+00 5.54651703e+00 7.31786719e+00]
2026-01-17 13:09:10,753 - pyswarms.single.global_best - INFO - Optimize for 25 iters with {'w': 0.9, 'c1': 2.0, 'c2': 2.0}
2026-01-17 13:09:30,808 - pyswarms.single.global_best - INFO - Optimization finished | best cost: 0.01239316239316235, best pos: [4.57667418e+00 6.00923820e+02 3.83387829e+02 5.20192457e-01
 3.21652735e+02 6.96658722e+00 4.43554276e+00 9.23716127e+00
 4.74997256e+00 5.15591022e+02 8.93689387e+02 5.06920511e-01
 1.03921053e+02 8.57077640e+00 2.97213145e+00 3.35932858e+00
 2.70031493e+00 6.56915110e+02 8.06908116e+02 6.84134556e-01
 1.84215372e+01 9.15633267e+00 9.74986405e+00 6.86554470e+00]
2026-01-17 13:09:31,264 - pyswarms.single.global_best - INFO - Optimize for 25 iters with {'w': 0.9, 'c1': 2.0, 'c2': 2.0}
2026-01-17 13:10:04,732 - pyswarms.single.global_best - INFO - Optimization finished | best cost: 0.022008727627148672, best pos: [1.04080167e+00 7.65938162e+02 3.88177281e+02 5.79312873e-01
 3.87528980e+02 5.90755235e+00 4.11845050e+00 1.62096285e+00
 1.72423579e+00 5.89217761e+02 5.10626817e+02 6.21940635e-01
 3.18229540e+02 5.78487036e+00 8.27615710e+00 7.62167204e+00
 2.58114145e-01 9.10044912e+02 3.50744662e+02 4.32170013e-01
 3.87939067e+02 5.28170628e+00 7.17006897e+00 9.75270961e+00
 3.20415080e+00 2.04375515e+02 2.70945508e+02 9.71615099e-01
 8.17244629e+01 2.92871309e+00 4.92985921e+00 1.73811474e+00
 1.32916445e+00 6.28086467e+02 6.16006884e+02 2.57954565e-01
 1.79266468e+02 5.39471325e+00 5.92717862e+00 5.14686772e+00]
2026-01-17 13:10:05,323 - pyswarms.single.global_best - INFO - Optimize for 25 iters with {'w': 0.9, 'c1': 2.0, 'c2': 2.0}
2026-01-17 13:10:30,462 - pyswarms.single.global_best - INFO - Optimization finished | best cost: 0.0, best pos: [3.47756629e+00 9.19071524e+02 3.21828744e+02 5.25256164e-01
 2.78426357e+01 4.77711978e+00 2.47693340e+00 7.24276196e+00
 1.25837602e+00 2.07104632e+02 1.79901626e+02 4.23927831e-01
 1.51431785e+02 4.13860608e+00 8.68124101e+00 8.90574847e+00
 1.55573346e+00 7.61494415e+02 8.94834323e+02 1.25424716e-01
 3.12090996e+01 4.00524052e+00 1.77872524e+00 9.51278393e+00
 3.32727356e+00 7.54080035e+02 2.97216094e+02 4.04843300e-01
 3.72468328e+02 7.00936696e+00 7.50677269e+00 3.17199535e+00
 6.82657675e-01 4.42590088e+02 3.58915877e+00 6.12975867e-01
 4.40222716e+02 6.20986859e+00 2.77236856e+00 5.11480130e+00]
2026-01-17 13:10:32,953 - pyswarms.single.global_best - INFO - Optimize for 25 iters with {'w': 0.9, 'c1': 2.0, 'c2': 2.0}
2026-01-17 13:10:53,860 - pyswarms.single.global_best - INFO - Optimization finished | best cost: 0.0, best pos: [1.43929911e+00 5.16450986e+02 3.63320311e+02 8.52149986e-01
 3.64540512e+01 9.79574929e+00 8.04300269e+00 7.43562065e+00
 9.76606499e-01 7.06147088e+02 9.71823598e+02 4.98210961e-01
 2.20307247e+02 7.47579221e+00 5.17011596e+00 5.09140264e+00
 1.51400436e+00 2.15142115e+02 8.30606328e+02 4.00469109e-01
 3.77736140e+02 3.85620068e+00 8.35591694e+00 8.79273917e+00
 1.63036270e-01 3.83183353e+02 6.81360067e+02 9.54661884e-01
 1.86283170e+02 4.89976443e+00 6.73003229e+00 8.03145689e+00]
2026-01-17 13:10:54,458 - pyswarms.single.global_best - INFO - Optimize for 25 iters with {'w': 0.9, 'c1': 2.0, 'c2': 2.0}
2026-01-17 13:11:13,767 - pyswarms.single.global_best - INFO - Optimization finished | best cost: 0.01746194981489102, best pos: [9.46215203e-02 5.30920489e+02 5.60707213e+02 8.06721524e-01
 4.51477850e+02 3.99457025e+00 5.86066925e+00 3.30413606e+00
 2.07890330e+00 6.97115192e+02 7.72499162e+02 7.90804673e-01
 2.86711056e+02 8.40330573e+00 4.99505231e+00 1.17981605e+00
 1.20917705e+00 9.77095801e+02 2.38816937e+02 3.81033657e-01
 2.74958596e+02 5.52639491e+00 4.59220492e+00 6.79240275e+00]
2026-01-17 13:11:14,338 - pyswarms.single.global_best - INFO - Optimize for 25 iters with {'w': 0.9, 'c1': 2.0, 'c2': 2.0}
2026-01-17 13:11:34,995 - pyswarms.single.global_best - INFO - Optimization finished | best cost: 0.0, best pos: [1.61607264e+00 4.18543966e+02 6.89532144e+02 5.35088594e-01
 1.02825766e+02 6.32216123e+00 7.77768768e+00 6.63641749e+00
 1.17863357e+00 5.12052872e+02 5.62410217e+02 2.87541039e-01
 1.10553925e+02 3.95448775e+00 6.50011083e+00 4.89962585e+00
 1.08062385e+00 1.39531288e+02 8.95650097e+02 8.65010702e-01
 2.48530252e+02 7.90025652e+00 6.53867757e+00 6.66234750e+00]
2026-01-17 13:11:35,593 - pyswarms.single.global_best - INFO - Optimize for 25 iters with {'w': 0.9, 'c1': 2.0, 'c2': 2.0}
2026-01-17 13:12:05,465 - pyswarms.single.global_best - INFO - Optimization finished | best cost: 0.02241087344028525, best pos: [4.74123429e+00 5.26983982e+02 3.24837245e+02 7.00948534e-01
 5.67460238e+01 4.17544961e+00 6.83289803e+00 2.08409227e+00
 3.26887651e+00 7.13854214e+02 8.64275815e+02 3.81388397e-01
 1.07683391e+02 9.56689663e+00 7.21581710e+00 4.62791841e+00
 7.64552354e-01 3.78162488e+02 2.16747476e+02 9.81353674e-01
 1.86583467e+02 4.91802584e+00 6.85106173e+00 8.79550689e+00]
2026-01-17 13:12:06,037 - pyswarms.single.global_best - INFO - Optimize for 25 iters with {'w': 0.9, 'c1': 2.0, 'c2': 2.0}
2026-01-17 13:12:26,337 - pyswarms.single.global_best - INFO - Optimization finished | best cost: 0.005231259968102031, best pos: [4.71084273e+00 9.96018613e+02 6.18829164e+02 6.40209271e-01
 4.64797414e+02 3.98175501e+00 5.24526798e+00 2.16607465e+00
 9.30374971e-01 1.29434264e+02 5.40707911e+02 2.13952895e-01
 2.63267328e+02 8.12680309e+00 1.38230516e+00 1.75902216e+00
 1.05105479e+00 7.73547544e+02 8.42053391e+02 3.37082570e-01
 9.14187805e+01 3.55323654e+00 1.92652227e+00 3.92001287e+00]
2026-01-17 13:12:26,943 - pyswarms.single.global_best - INFO - Optimize for 25 iters with {'w': 0.9, 'c1': 2.0, 'c2': 2.0}
2026-01-17 13:12:46,095 - pyswarms.single.global_best - INFO - Optimization finished | best cost: 0.005816993464052289, best pos: [9.92683873e-02 3.15370646e+02 2.48003149e+02 4.20848466e-01
 5.41032103e+01 8.66353967e+00 9.04335396e+00 3.01865866e+00
 2.05907764e+00 6.37626130e+02 5.97824535e+02 2.36537007e-01
 2.61616738e+02 5.88173683e+00 1.31410702e+00 9.19981332e+00
 3.98979569e-01 7.58391820e+02 1.74469478e+02 3.75229301e-01
 1.70550549e+02 8.77718487e+00 2.65852719e+00 7.95864282e+00]
2026-01-17 13:12:46,690 - pyswarms.single.global_best - INFO - Optimize for 25 iters with {'w': 0.9, 'c1': 2.0, 'c2': 2.0}
2026-01-17 13:13:06,277 - pyswarms.single.global_best - INFO - Optimization finished | best cost: 0.0, best pos: [3.49658029e-01 6.40168260e+02 2.71147509e+02 6.33530792e-01
 3.40385834e+02 3.84663351e+00 5.11172780e+00 2.71292377e+00
 2.61694379e-01 3.78476486e+02 3.62944336e+02 9.95932442e-01
 2.23729823e+02 4.66855640e+00 6.22427506e+00 1.79890655e+00
 4.80832868e+00 6.34960082e+02 7.54837844e+02 2.53430144e-01
 2.05329449e+02 5.38151291e+00 8.39625800e+00 1.01113012e+00]
2026-01-17 13:13:06,701 - pyswarms.single.global_best - INFO - Optimize for 25 iters with {'w': 0.9, 'c1': 2.0, 'c2': 2.0}
2026-01-17 13:13:26,691 - pyswarms.single.global_best - INFO - Optimization finished | best cost: 0.01239316239316235, best pos: [4.57667418e+00 6.00923820e+02 3.83387829e+02 5.20192457e-01
 3.21652735e+02 6.96658722e+00 4.43554276e+00 9.23716127e+00
 4.74997256e+00 5.15591022e+02 8.93689387e+02 5.06920511e-01
 1.03921053e+02 8.57077640e+00 2.97213145e+00 3.35932858e+00
 2.70031493e+00 6.56915110e+02 8.06908116e+02 6.84134556e-01
 1.84215372e+01 9.15633267e+00 9.74986405e+00 6.86554470e+00]
2026-01-17 13:13:27,151 - pyswarms.single.global_best - INFO - Optimize for 25 iters with {'w': 0.9, 'c1': 2.0, 'c2': 2.0}
2026-01-17 13:13:48,877 - pyswarms.single.global_best - INFO - Optimization finished | best cost: 0.011338878985937884, best pos: [4.35265261e+00 3.30877816e+02 6.65747103e+02 9.54577629e-01
 3.15125823e+02 7.81610482e+00 9.65649619e+00 7.09452607e+00
 1.86876371e+00 4.60299669e+02 7.66046772e+02 3.67461199e-01
 3.51673138e+02 7.37529764e+00 1.90946335e+00 7.72605489e+00
 8.82335833e-01 7.09650141e+02 4.11052265e+02 4.73363348e-01
 2.47813635e+01 4.53621638e+00 9.05770125e+00 3.46500551e+00]
2026-01-17 13:13:49,473 - pyswarms.single.global_best - INFO - Optimize for 25 iters with {'w': 0.9, 'c1': 2.0, 'c2': 2.0}
2026-01-17 13:14:09,603 - pyswarms.single.global_best - INFO - Optimization finished | best cost: 0.016065127205478036, best pos: [2.86370882e+00 6.28509188e+02 5.56750197e+02 9.12513896e-01
 3.81362357e+01 8.76681112e+00 6.16656401e+00 3.06920412e+00
 4.52792226e+00 8.80080086e+02 3.19450428e+02 9.14412003e-01
 1.53689858e+02 4.89217873e+00 3.96846513e+00 7.46864625e+00
 4.88131109e-01 4.15670806e+02 3.19474843e+02 4.65787742e-01
 3.91525802e+00 3.68362723e+00 8.54417576e+00 5.32939489e+00]
2026-01-17 13:14:12,056 - pyswarms.single.global_best - INFO - Optimize for 25 iters with {'w': 0.9, 'c1': 2.0, 'c2': 2.0}
2026-01-17 13:14:45,722 - pyswarms.single.global_best - INFO - Optimization finished | best cost: 0.01588476920778259, best pos: [2.82668801e+00 5.65081355e+02 4.08768315e+02 2.20755572e-01
 2.71615719e+02 6.50532577e+00 5.67785891e+00 1.08960788e+00
 4.55139405e+00 8.42860172e+02 5.02703463e+02 7.64397412e-01
 2.53933041e+02 7.06986158e+00 6.45021883e+00 8.63334857e+00
 1.66170947e+00 4.60929894e+02 1.63882321e+02 5.19947109e-01
 2.81969174e+02 6.54438991e+00 3.71888667e+00 9.59478965e+00]
2026-01-17 13:14:46,358 - pyswarms.single.global_best - INFO - Optimize for 25 iters with {'w': 0.9, 'c1': 2.0, 'c2': 2.0}
2026-01-17 13:15:06,148 - pyswarms.single.global_best - INFO - Optimization finished | best cost: 0.01746194981489102, best pos: [9.46215203e-02 5.30920489e+02 5.60707213e+02 8.06721524e-01
 4.51477850e+02 3.99457025e+00 5.86066925e+00 3.30413606e+00
 2.07890330e+00 6.97115192e+02 7.72499162e+02 7.90804673e-01
 2.86711056e+02 8.40330573e+00 4.99505231e+00 1.17981605e+00
 1.20917705e+00 9.77095801e+02 2.38816937e+02 3.81033657e-01
 2.74958596e+02 5.52639491e+00 4.59220492e+00 6.79240275e+00]
2026-01-17 13:15:06,730 - pyswarms.single.global_best - INFO - Optimize for 25 iters with {'w': 0.9, 'c1': 2.0, 'c2': 2.0}
2026-01-17 13:15:41,691 - pyswarms.single.global_best - INFO - Optimization finished | best cost: 0.010772570509412605, best pos: [4.62642538e+00 6.44688092e+02 2.90042784e+02 2.80160573e-01
 3.81300731e+02 8.41778442e+00 3.69220712e+00 5.43652703e+00
 1.12557656e+00 7.61766728e+02 5.62625048e+02 7.20659567e-01
 3.66952449e+02 4.69175796e+00 2.12107888e+00 7.04109236e+00
 1.48555595e+00 7.60575334e+02 7.16239439e+02 7.38778490e-01
 4.30698435e+02 6.83637475e+00 3.11320083e+00 1.25627082e+00]
2026-01-17 13:15:42,272 - pyswarms.single.global_best - INFO - Optimize for 25 iters with {'w': 0.9, 'c1': 2.0, 'c2': 2.0}
2026-01-17 13:16:12,328 - pyswarms.single.global_best - INFO - Optimization finished | best cost: 0.02241087344028525, best pos: [4.74123429e+00 5.26983982e+02 3.24837245e+02 7.00948534e-01
 5.67460238e+01 4.17544961e+00 6.83289803e+00 2.08409227e+00
 3.26887651e+00 7.13854214e+02 8.64275815e+02 3.81388397e-01
 1.07683391e+02 9.56689663e+00 7.21581710e+00 4.62791841e+00
 7.64552354e-01 3.78162488e+02 2.16747476e+02 9.81353674e-01
 1.86583467e+02 4.91802584e+00 6.85106173e+00 8.79550689e+00]
2026-01-17 13:16:12,891 - pyswarms.single.global_best - INFO - Optimize for 25 iters with {'w': 0.9, 'c1': 2.0, 'c2': 2.0}
2026-01-17 13:16:32,842 - pyswarms.single.global_best - INFO - Optimization finished | best cost: 0.005231259968102031, best pos: [4.71084273e+00 9.96018613e+02 6.18829164e+02 6.40209271e-01
 4.64797414e+02 3.98175501e+00 5.24526798e+00 2.16607465e+00
 9.30374971e-01 1.29434264e+02 5.40707911e+02 2.13952895e-01
 2.63267328e+02 8.12680309e+00 1.38230516e+00 1.75902216e+00
 1.05105479e+00 7.73547544e+02 8.42053391e+02 3.37082570e-01
 9.14187805e+01 3.55323654e+00 1.92652227e+00 3.92001287e+00]
2026-01-17 13:16:33,421 - pyswarms.single.global_best - INFO - Optimize for 25 iters with {'w': 0.9, 'c1': 2.0, 'c2': 2.0}
2026-01-17 13:16:52,568 - pyswarms.single.global_best - INFO - Optimization finished | best cost: 0.005816993464052289, best pos: [9.92683873e-02 3.15370646e+02 2.48003149e+02 4.20848466e-01
 5.41032103e+01 8.66353967e+00 9.04335396e+00 3.01865866e+00
 2.05907764e+00 6.37626130e+02 5.97824535e+02 2.36537007e-01
 2.61616738e+02 5.88173683e+00 1.31410702e+00 9.19981332e+00
 3.98979569e-01 7.58391820e+02 1.74469478e+02 3.75229301e-01
 1.70550549e+02 8.77718487e+00 2.65852719e+00 7.95864282e+00]
2026-01-17 13:16:53,149 - pyswarms.single.global_best - INFO - Optimize for 25 iters with {'w': 0.9, 'c1': 2.0, 'c2': 2.0}
2026-01-17 13:17:17,614 - pyswarms.single.global_best - INFO - Optimization finished | best cost: 0.021551589296687323, best pos: [4.07049623e-01 1.04113174e+02 3.83914369e+02 5.82032910e-01
 2.83808840e+01 5.01028430e+00 3.10445481e+00 8.01644842e+00
 1.44139740e+00 9.16118941e+02 2.88636066e+02 5.41736724e-01
 4.65318545e+02 8.67765913e+00 2.93220733e+00 4.45412876e+00
 1.36376974e+00 9.36555456e+02 1.33834346e+02 4.37590704e-01
 3.15046674e+02 6.81727133e+00 4.71082817e+00 6.21096714e+00]
2026-01-17 13:17:18,056 - pyswarms.single.global_best - INFO - Optimize for 25 iters with {'w': 0.9, 'c1': 2.0, 'c2': 2.0}
2026-01-17 13:17:37,979 - pyswarms.single.global_best - INFO - Optimization finished | best cost: 0.01239316239316235, best pos: [4.57667418e+00 6.00923820e+02 3.83387829e+02 5.20192457e-01
 3.21652735e+02 6.96658722e+00 4.43554276e+00 9.23716127e+00
 4.74997256e+00 5.15591022e+02 8.93689387e+02 5.06920511e-01
 1.03921053e+02 8.57077640e+00 2.97213145e+00 3.35932858e+00
 2.70031493e+00 6.56915110e+02 8.06908116e+02 6.84134556e-01
 1.84215372e+01 9.15633267e+00 9.74986405e+00 6.86554470e+00]
2026-01-17 13:17:38,406 - pyswarms.single.global_best - INFO - Optimize for 25 iters with {'w': 0.9, 'c1': 2.0, 'c2': 2.0}
2026-01-17 13:17:57,361 - pyswarms.single.global_best - INFO - Optimization finished | best cost: 0.011338878985937884, best pos: [4.35265261e+00 3.30877816e+02 6.65747103e+02 9.54577629e-01
 3.15125823e+02 7.81610482e+00 9.65649619e+00 7.09452607e+00
 1.86876371e+00 4.60299669e+02 7.66046772e+02 3.67461199e-01
 3.51673138e+02 7.37529764e+00 1.90946335e+00 7.72605489e+00
 8.82335833e-01 7.09650141e+02 4.11052265e+02 4.73363348e-01
 2.47813635e+01 4.53621638e+00 9.05770125e+00 3.46500551e+00]
2026-01-17 13:17:57,977 - pyswarms.single.global_best - INFO - Optimize for 25 iters with {'w': 0.9, 'c1': 2.0, 'c2': 2.0}
2026-01-17 13:18:18,282 - pyswarms.single.global_best - INFO - Optimization finished | best cost: 0.016065127205478036, best pos: [2.86370882e+00 6.28509188e+02 5.56750197e+02 9.12513896e-01
 3.81362357e+01 8.76681112e+00 6.16656401e+00 3.06920412e+00
 4.52792226e+00 8.80080086e+02 3.19450428e+02 9.14412003e-01
 1.53689858e+02 4.89217873e+00 3.96846513e+00 7.46864625e+00
 4.88131109e-01 4.15670806e+02 3.19474843e+02 4.65787742e-01
 3.91525802e+00 3.68362723e+00 8.54417576e+00 5.32939489e+00]
2026-01-17 13:18:20,461 - pyswarms.single.global_best - INFO - Optimize for 25 iters with {'w': 0.9, 'c1': 2.0, 'c2': 2.0}
2026-01-17 13:18:43,636 - pyswarms.single.global_best - INFO - Optimization finished | best cost: 0.029592352092352114, best pos: [7.21032844e-01 3.95247735e+02 6.60683348e+02 6.02785865e-01
 4.99822363e+02 5.73349764e+00 7.23085716e+00 8.82142404e+00
 3.54364387e+00 6.87185650e+02 6.23958861e+02 5.31220208e-01
 2.07496954e+02 7.09462253e+00 4.83942821e+00 9.20537161e+00
 4.57730067e+00 8.04331847e+02 9.76985041e+02 7.39615123e-01
 3.83062978e+02 3.69309850e+00 3.37659845e+00 2.34861075e+00
 1.89169791e+00 7.92147788e+02 5.13175769e+02 6.60685138e-01
 3.69641336e+02 8.28940769e+00 5.74413047e+00 1.94882644e+00]
2026-01-17 13:18:43,852 - pyswarms.single.global_best - INFO - Optimize for 25 iters with {'w': 0.9, 'c1': 2.0, 'c2': 2.0}
2026-01-17 13:18:59,461 - pyswarms.single.global_best - INFO - Optimization finished | best cost: 0.0284664178414179, best pos: [3.93962472e+00 1.99915372e+02 5.28828522e+02 1.12527347e-01
 4.75756106e+02 4.27730402e+00 1.88299271e+00 3.28391709e+00
 3.15670897e+00 7.16883655e+02 4.10881576e+02 4.38929827e-01
 3.13992771e+02 4.71353428e+00 6.26910438e+00 6.54743383e+00
 3.64450594e+00 1.20029913e+02 5.43185604e+02 9.01681190e-01
 3.38369742e+02 6.36213553e+00 3.44526983e+00 6.98681593e+00
 4.92744745e+00 3.71996306e+02 6.15459651e+02 1.24840753e-01
 1.63884835e+02 3.53148221e+00 2.73660721e+00 8.42856518e+00]
2026-01-17 13:18:59,638 - pyswarms.single.global_best - INFO - Optimize for 25 iters with {'w': 0.9, 'c1': 2.0, 'c2': 2.0}
2026-01-17 13:19:15,743 - pyswarms.single.global_best - INFO - Optimization finished | best cost: 0.04526256811971108, best pos: [4.55251759e+00 6.50660950e+02 3.92775561e+02 5.82660670e-01
 4.44402602e+02 7.25730842e+00 2.51719419e+00 6.13362681e+00
 2.76176394e+00 2.56911484e+02 9.10384765e+02 6.43746286e-01
 3.87499363e+02 3.18494210e+00 2.19965793e+00 5.30073209e+00
 4.87249266e+00 3.16562069e+01 4.07248080e+02 6.79296970e-01
 4.94251549e+02 3.23034109e+00 3.15679618e+00 5.46515579e+00
 4.89301388e+00 4.74459892e+02 8.80296184e+02 8.69403765e-01
 3.00071207e+02 3.64034944e+00 3.96216719e+00 7.77451467e+00]
2026-01-17 13:19:15,922 - pyswarms.single.global_best - INFO - Optimize for 25 iters with {'w': 0.9, 'c1': 2.0, 'c2': 2.0}
2026-01-17 13:19:35,273 - pyswarms.single.global_best - INFO - Optimization finished | best cost: 0.029708865869580214, best pos: [4.75530105e+00 5.96190697e+02 9.59083842e+02 1.24130898e-01
 2.12759963e+02 5.02892567e+00 5.65198532e+00 3.95334511e+00
 2.99969127e+00 2.73399441e+02 2.34817340e+02 1.59226956e-01
 2.44544336e+02 8.45706363e+00 9.52662612e+00 6.73620717e+00
 4.74767136e+00 7.99205020e+02 7.68961683e+02 6.94607185e-01
 2.76268056e+02 8.66516289e+00 1.38947834e+00 8.82858665e+00
 2.30640935e+00 6.88786024e+01 8.73924308e+01 1.96614103e-01
 1.60739156e+02 8.58353254e+00 6.68560746e+00 3.47571904e+00]
2026-01-17 13:19:35,451 - pyswarms.single.global_best - INFO - Optimize for 25 iters with {'w': 0.9, 'c1': 2.0, 'c2': 2.0}
2026-01-17 13:19:50,924 - pyswarms.single.global_best - INFO - Optimization finished | best cost: 0.029708865869580214, best pos: [4.10137183e-01 8.08930611e+02 4.60061956e+02 6.32834016e-01
 4.75485032e+02 2.98302406e+00 5.08111744e+00 4.67349293e+00
 3.31029941e+00 4.36987979e+01 5.85036157e+02 7.33726363e-01
 2.88870355e+02 5.52821694e+00 4.92021424e+00 1.37625452e+00
 4.55735128e+00 2.98784394e+01 6.47184806e+02 2.79711133e-01
 1.44653006e+02 6.81831830e+00 2.38845345e+00 2.87890329e+00
 1.80492805e+00 6.88527153e+02 7.34457450e+02 2.49061852e-01
 4.04582743e+02 9.38102238e+00 6.72635363e+00 2.87495393e+00]
2026-01-17 13:19:51,074 - pyswarms.single.global_best - INFO - Optimize for 25 iters with {'w': 0.9, 'c1': 2.0, 'c2': 2.0}
2026-01-17 13:20:06,623 - pyswarms.single.global_best - INFO - Optimization finished | best cost: 0.007235621521335722, best pos: [1.81466500e+00 6.33665400e+02 1.33020700e+02 6.43388697e-01
 1.64510833e+02 5.73281006e+00 8.34994296e+00 5.65647297e+00
 2.33353373e+00 8.79502742e+02 5.31092276e+02 9.52209766e-01
 1.32394991e+02 8.15346869e+00 8.11318564e+00 1.36281606e+00
 4.83992231e+00 8.17173255e+01 3.86632210e+01 5.46399957e-01
 2.17493107e+02 2.69487173e+00 3.70316014e+00 8.00318683e+00
 2.06506926e+00 2.43951979e+02 6.26181120e+02 1.02536799e-01
 1.68039136e+02 9.17191391e+00 9.12656075e+00 6.28576513e+00]
2026-01-17 13:20:06,776 - pyswarms.single.global_best - INFO - Optimize for 25 iters with {'w': 0.9, 'c1': 2.0, 'c2': 2.0}
2026-01-17 13:20:22,693 - pyswarms.single.global_best - INFO - Optimization finished | best cost: 0.021092981092981078, best pos: [3.03494581e+00 9.15243916e+02 2.65768005e+02 7.85723396e-01
 4.29923780e+02 4.98588449e+00 5.57156445e+00 7.27133855e+00
 3.97630834e+00 3.02922091e+02 1.93891035e+02 2.68708868e-01
 3.69734207e+02 9.48025957e+00 4.17388443e+00 3.37791124e+00
 2.16977380e+00 1.29880058e+02 3.58228156e+02 1.68630864e-01
 3.06828279e+02 4.85080747e+00 4.30477218e+00 4.49567214e+00
 3.39687204e+00 6.54397809e+02 1.15726044e+01 8.78180006e-01
 4.31667161e+02 7.74301648e+00 8.84833168e+00 3.05707332e+00]
2026-01-17 13:20:22,879 - pyswarms.single.global_best - INFO - Optimize for 25 iters with {'w': 0.9, 'c1': 2.0, 'c2': 2.0}
2026-01-17 13:20:38,320 - pyswarms.single.global_best - INFO - Optimization finished | best cost: 0.030199615199615115, best pos: [1.39441132e+00 7.42289086e+02 2.60720285e+02 5.68445714e-01
 3.94910218e+02 7.38177006e+00 4.25212510e+00 6.31253457e+00
 4.37161928e+00 3.85986783e+02 6.47612504e+02 5.08790246e-01
 4.51457538e+02 4.46992947e+00 2.94707596e+00 5.48871596e+00
 1.49918308e+00 4.16899613e+02 3.89818380e+02 2.29765818e-01
 3.34884757e+02 5.52696164e+00 9.26331340e+00 5.54710186e+00
 4.88671820e+00 6.31016765e+02 5.88987078e+02 9.96140528e-01
 2.90759055e+02 4.18487275e+00 2.91322454e+00 9.81982469e+00]
2026-01-17 13:20:38,471 - pyswarms.single.global_best - INFO - Optimize for 25 iters with {'w': 0.9, 'c1': 2.0, 'c2': 2.0}
2026-01-17 13:20:54,301 - pyswarms.single.global_best - INFO - Optimization finished | best cost: 0.04488065175565181, best pos: [3.43096916e+00 8.89289595e+01 8.87860188e+02 8.80240273e-01
 1.91159518e+02 7.83434710e+00 4.81374529e+00 5.63754636e+00
 4.04397052e+00 5.08081524e+02 5.26832190e+02 9.04077012e-01
 7.19024547e+01 6.95770503e+00 3.69627057e+00 2.40493479e+00
 2.11709931e-03 5.44616052e+02 3.79398925e+02 5.66550453e-01
 4.56517375e+02 6.92040940e+00 3.40658692e+00 6.17463646e+00
 2.66202726e+00 2.37194810e+01 4.86265280e+01 3.42449403e-01
 4.58758723e+02 6.62409658e+00 3.67356790e+00 9.53358335e+00]
2026-01-17 13:20:54,464 - pyswarms.single.global_best - INFO - Optimize for 25 iters with {'w': 0.9, 'c1': 2.0, 'c2': 2.0}
2026-01-17 13:21:09,060 - pyswarms.single.global_best - INFO - Optimization finished | best cost: 0.03225108225108231, best pos: [3.61407152e+00 6.76684551e+01 7.07835126e+02 5.89184396e-01
 4.17809475e+01 5.66640513e+00 5.36226658e+00 2.49197086e+00
 4.72849074e+00 8.49975386e+02 6.69022370e+02 5.16066005e-01
 2.06471005e+02 7.20778774e+00 5.90888682e+00 1.56045795e+00
 2.56251324e+00 8.06403637e+02 4.59239932e+02 1.46760920e-01
 3.93352821e+02 3.61091026e+00 3.32758751e+00 2.48235718e+00
 1.65107532e+00 7.56751530e+02 5.19385908e+02 2.84393147e-01
 4.39037209e+02 9.03665484e+00 8.83520583e+00 3.14916590e+00]
2026-01-17 13:21:11,195 - pyswarms.single.global_best - INFO - Optimize for 25 iters with {'w': 0.9, 'c1': 2.0, 'c2': 2.0}
2026-01-17 13:21:33,435 - pyswarms.single.global_best - INFO - Optimization finished | best cost: 0.029592352092352114, best pos: [7.21032844e-01 3.95247735e+02 6.60683348e+02 6.02785865e-01
 4.99822363e+02 5.73349764e+00 7.23085716e+00 8.82142404e+00
 3.54364387e+00 6.87185650e+02 6.23958861e+02 5.31220208e-01
 2.07496954e+02 7.09462253e+00 4.83942821e+00 9.20537161e+00
 4.57730067e+00 8.04331847e+02 9.76985041e+02 7.39615123e-01
 3.83062978e+02 3.69309850e+00 3.37659845e+00 2.34861075e+00
 1.89169791e+00 7.92147788e+02 5.13175769e+02 6.60685138e-01
 3.69641336e+02 8.28940769e+00 5.74413047e+00 1.94882644e+00]
2026-01-17 13:21:33,628 - pyswarms.single.global_best - INFO - Optimize for 25 iters with {'w': 0.9, 'c1': 2.0, 'c2': 2.0}
2026-01-17 13:21:48,917 - pyswarms.single.global_best - INFO - Optimization finished | best cost: 0.0284664178414179, best pos: [3.93962472e+00 1.99915372e+02 5.28828522e+02 1.12527347e-01
 4.75756106e+02 4.27730402e+00 1.88299271e+00 3.28391709e+00
 3.15670897e+00 7.16883655e+02 4.10881576e+02 4.38929827e-01
 3.13992771e+02 4.71353428e+00 6.26910438e+00 6.54743383e+00
 3.64450594e+00 1.20029913e+02 5.43185604e+02 9.01681190e-01
 3.38369742e+02 6.36213553e+00 3.44526983e+00 6.98681593e+00
 4.92744745e+00 3.71996306e+02 6.15459651e+02 1.24840753e-01
 1.63884835e+02 3.53148221e+00 2.73660721e+00 8.42856518e+00]
2026-01-17 13:21:49,084 - pyswarms.single.global_best - INFO - Optimize for 25 iters with {'w': 0.9, 'c1': 2.0, 'c2': 2.0}
2026-01-17 13:22:04,766 - pyswarms.single.global_best - INFO - Optimization finished | best cost: 0.04526256811971108, best pos: [4.55251759e+00 6.50660950e+02 3.92775561e+02 5.82660670e-01
 4.44402602e+02 7.25730842e+00 2.51719419e+00 6.13362681e+00
 2.76176394e+00 2.56911484e+02 9.10384765e+02 6.43746286e-01
 3.87499363e+02 3.18494210e+00 2.19965793e+00 5.30073209e+00
 4.87249266e+00 3.16562069e+01 4.07248080e+02 6.79296970e-01
 4.94251549e+02 3.23034109e+00 3.15679618e+00 5.46515579e+00
 4.89301388e+00 4.74459892e+02 8.80296184e+02 8.69403765e-01
 3.00071207e+02 3.64034944e+00 3.96216719e+00 7.77451467e+00]
2026-01-17 13:22:04,933 - pyswarms.single.global_best - INFO - Optimize for 25 iters with {'w': 0.9, 'c1': 2.0, 'c2': 2.0}
2026-01-17 13:22:23,767 - pyswarms.single.global_best - INFO - Optimization finished | best cost: 0.029708865869580214, best pos: [4.75530105e+00 5.96190697e+02 9.59083842e+02 1.24130898e-01
 2.12759963e+02 5.02892567e+00 5.65198532e+00 3.95334511e+00
 2.99969127e+00 2.73399441e+02 2.34817340e+02 1.59226956e-01
 2.44544336e+02 8.45706363e+00 9.52662612e+00 6.73620717e+00
 4.74767136e+00 7.99205020e+02 7.68961683e+02 6.94607185e-01
 2.76268056e+02 8.66516289e+00 1.38947834e+00 8.82858665e+00
 2.30640935e+00 6.88786024e+01 8.73924308e+01 1.96614103e-01
 1.60739156e+02 8.58353254e+00 6.68560746e+00 3.47571904e+00]
2026-01-17 13:22:23,939 - pyswarms.single.global_best - INFO - Optimize for 25 iters with {'w': 0.9, 'c1': 2.0, 'c2': 2.0}
2026-01-17 13:22:39,396 - pyswarms.single.global_best - INFO - Optimization finished | best cost: 0.029708865869580214, best pos: [4.10137183e-01 8.08930611e+02 4.60061956e+02 6.32834016e-01
 4.75485032e+02 2.98302406e+00 5.08111744e+00 4.67349293e+00
 3.31029941e+00 4.36987979e+01 5.85036157e+02 7.33726363e-01
 2.88870355e+02 5.52821694e+00 4.92021424e+00 1.37625452e+00
 4.55735128e+00 2.98784394e+01 6.47184806e+02 2.79711133e-01
 1.44653006e+02 6.81831830e+00 2.38845345e+00 2.87890329e+00
 1.80492805e+00 6.88527153e+02 7.34457450e+02 2.49061852e-01
 4.04582743e+02 9.38102238e+00 6.72635363e+00 2.87495393e+00]
2026-01-17 13:22:39,564 - pyswarms.single.global_best - INFO - Optimize for 25 iters with {'w': 0.9, 'c1': 2.0, 'c2': 2.0}
2026-01-17 13:22:55,176 - pyswarms.single.global_best - INFO - Optimization finished | best cost: 0.007235621521335722, best pos: [1.81466500e+00 6.33665400e+02 1.33020700e+02 6.43388697e-01
 1.64510833e+02 5.73281006e+00 8.34994296e+00 5.65647297e+00
 2.33353373e+00 8.79502742e+02 5.31092276e+02 9.52209766e-01
 1.32394991e+02 8.15346869e+00 8.11318564e+00 1.36281606e+00
 4.83992231e+00 8.17173255e+01 3.86632210e+01 5.46399957e-01
 2.17493107e+02 2.69487173e+00 3.70316014e+00 8.00318683e+00
 2.06506926e+00 2.43951979e+02 6.26181120e+02 1.02536799e-01
 1.68039136e+02 9.17191391e+00 9.12656075e+00 6.28576513e+00]
2026-01-17 13:22:55,343 - pyswarms.single.global_best - INFO - Optimize for 25 iters with {'w': 0.9, 'c1': 2.0, 'c2': 2.0}
2026-01-17 13:23:10,853 - pyswarms.single.global_best - INFO - Optimization finished | best cost: 0.021092981092981078, best pos: [3.03494581e+00 9.15243916e+02 2.65768005e+02 7.85723396e-01
 4.29923780e+02 4.98588449e+00 5.57156445e+00 7.27133855e+00
 3.97630834e+00 3.02922091e+02 1.93891035e+02 2.68708868e-01
 3.69734207e+02 9.48025957e+00 4.17388443e+00 3.37791124e+00
 2.16977380e+00 1.29880058e+02 3.58228156e+02 1.68630864e-01
 3.06828279e+02 4.85080747e+00 4.30477218e+00 4.49567214e+00
 3.39687204e+00 6.54397809e+02 1.15726044e+01 8.78180006e-01
 4.31667161e+02 7.74301648e+00 8.84833168e+00 3.05707332e+00]
2026-01-17 13:23:11,015 - pyswarms.single.global_best - INFO - Optimize for 25 iters with {'w': 0.9, 'c1': 2.0, 'c2': 2.0}
2026-01-17 13:23:26,432 - pyswarms.single.global_best - INFO - Optimization finished | best cost: 0.030199615199615115, best pos: [1.39441132e+00 7.42289086e+02 2.60720285e+02 5.68445714e-01
 3.94910218e+02 7.38177006e+00 4.25212510e+00 6.31253457e+00
 4.37161928e+00 3.85986783e+02 6.47612504e+02 5.08790246e-01
 4.51457538e+02 4.46992947e+00 2.94707596e+00 5.48871596e+00
 1.49918308e+00 4.16899613e+02 3.89818380e+02 2.29765818e-01
 3.34884757e+02 5.52696164e+00 9.26331340e+00 5.54710186e+00
 4.88671820e+00 6.31016765e+02 5.88987078e+02 9.96140528e-01
 2.90759055e+02 4.18487275e+00 2.91322454e+00 9.81982469e+00]
2026-01-17 13:23:26,599 - pyswarms.single.global_best - INFO - Optimize for 25 iters with {'w': 0.9, 'c1': 2.0, 'c2': 2.0}
2026-01-17 13:23:42,403 - pyswarms.single.global_best - INFO - Optimization finished | best cost: 0.04488065175565181, best pos: [3.43096916e+00 8.89289595e+01 8.87860188e+02 8.80240273e-01
 1.91159518e+02 7.83434710e+00 4.81374529e+00 5.63754636e+00
 4.04397052e+00 5.08081524e+02 5.26832190e+02 9.04077012e-01
 7.19024547e+01 6.95770503e+00 3.69627057e+00 2.40493479e+00
 2.11709931e-03 5.44616052e+02 3.79398925e+02 5.66550453e-01
 4.56517375e+02 6.92040940e+00 3.40658692e+00 6.17463646e+00
 2.66202726e+00 2.37194810e+01 4.86265280e+01 3.42449403e-01
 4.58758723e+02 6.62409658e+00 3.67356790e+00 9.53358335e+00]
2026-01-17 13:23:42,587 - pyswarms.single.global_best - INFO - Optimize for 25 iters with {'w': 0.9, 'c1': 2.0, 'c2': 2.0}
2026-01-17 13:23:58,768 - pyswarms.single.global_best - INFO - Optimization finished | best cost: 0.03541125541125534, best pos: [1.47628458e+00 6.59836089e+01 2.50256311e+02 3.86473819e-01
 2.76639202e+02 3.69223324e+00 7.10646796e+00 7.83674467e+00
 2.13990155e+00 6.78396450e+01 2.45945042e+02 2.14022565e-01
 3.93921323e+02 7.96668635e+00 7.85203886e+00 1.77829351e+00
 4.78707223e-01 5.70488333e+02 8.86015681e+02 4.99041796e-01
 2.06594459e+02 7.58877455e+00 2.31688084e+00 9.32992771e+00
 4.27958960e+00 1.59390434e+02 9.21610502e+02 4.01188198e-01
 2.06877140e+02 5.27089749e+00 4.57643778e+00 4.62477505e+00]
2026-01-17 13:24:01,359 - pyswarms.single.global_best - INFO - Optimize for 25 iters with {'w': 0.9, 'c1': 2.0, 'c2': 2.0}
2026-01-17 13:24:20,245 - pyswarms.single.global_best - INFO - Optimization finished | best cost: 0.006700336700336651, best pos: [1.00717941e+00 2.94953445e+02 3.75027384e+02 5.42230324e-01
 1.39099624e+02 4.50395423e+00 1.42773055e+00 8.06983831e+00
 3.07923207e+00 8.11424050e+02 3.29110436e+02 5.91997683e-01
 2.98679433e+02 4.47462384e+00 3.45279949e+00 8.51166756e+00
 1.81132607e+00 9.47068529e+02 1.05172512e+02 6.96931306e-01
 3.62087736e+02 5.73298414e+00 8.86263942e+00 5.67824409e+00]
2026-01-17 13:24:20,503 - pyswarms.single.global_best - INFO - Optimize for 25 iters with {'w': 0.9, 'c1': 2.0, 'c2': 2.0}
2026-01-17 13:24:40,042 - pyswarms.single.global_best - INFO - Optimization finished | best cost: 0.03632696007696001, best pos: [5.75362938e-01 4.23582935e+02 1.85294155e+02 9.98748488e-01
 4.96368154e+02 5.68842393e+00 1.63708515e+00 9.02041269e+00
 2.18074997e+00 3.86606177e+02 1.64383755e+02 5.33762502e-01
 4.62357002e+01 6.32661185e+00 4.45196998e+00 6.53275846e+00
 2.91090471e+00 8.43222357e+02 4.23417956e+02 8.17839508e-01
 4.07485380e+02 4.31680670e+00 4.39614969e+00 3.76381051e+00]
2026-01-17 13:24:40,235 - pyswarms.single.global_best - INFO - Optimize for 25 iters with {'w': 0.9, 'c1': 2.0, 'c2': 2.0}
2026-01-17 13:25:06,489 - pyswarms.single.global_best - INFO - Optimization finished | best cost: 0.020579605579605476, best pos: [1.06446487e+00 2.34860139e+02 1.25312344e+02 7.94810271e-01
 4.14216824e+02 4.66468894e+00 9.55375704e+00 1.77379492e+00
 1.18217703e+00 9.80440202e+02 4.58610163e+01 7.98080166e-01
 5.56062152e+01 5.60325176e+00 1.36062654e+00 4.14617283e+00
 9.72433045e-01 6.97054362e+01 4.20169399e+02 6.30673204e-01
 9.90104396e+01 8.36553019e+00 8.50728826e+00 5.28804992e+00]
2026-01-17 13:25:06,694 - pyswarms.single.global_best - INFO - Optimize for 25 iters with {'w': 0.9, 'c1': 2.0, 'c2': 2.0}
2026-01-17 13:25:25,056 - pyswarms.single.global_best - INFO - Optimization finished | best cost: 0.012950336700336629, best pos: [1.24553907e+00 2.32222718e+02 8.51319580e+02 5.39956764e-01
 1.40315737e+02 5.00253855e+00 1.34162904e+00 3.25435220e+00
 2.72894483e+00 3.39506707e+02 3.68579579e+02 7.30678225e-01
 2.21730759e+02 5.38961523e+00 4.46376941e+00 3.18033517e+00
 6.77833739e-01 4.05496320e+02 1.25064661e+02 4.88301556e-01
 3.07068583e+02 3.53598797e+00 2.30481369e+00 3.32049859e+00]
2026-01-17 13:25:25,234 - pyswarms.single.global_best - INFO - Optimize for 25 iters with {'w': 0.9, 'c1': 2.0, 'c2': 2.0}
2026-01-17 13:25:44,731 - pyswarms.single.global_best - INFO - Optimization finished | best cost: 0.02853475228475233, best pos: [2.25883839e+00 5.86608505e+02 1.68014291e+02 7.63186370e-01
 4.31535742e+02 3.73391840e+00 1.86143100e+00 1.21274727e+00
 3.20985750e+00 6.07094075e+02 5.46697458e+02 3.08752387e-01
 1.96062092e+02 6.75581068e+00 5.47090173e+00 9.89006968e+00
 6.82198763e-01 6.95144585e+02 4.04318828e+02 4.85379653e-01
 3.59081285e+02 7.53948921e+00 9.92130394e+00 2.15554861e+00]
2026-01-17 13:25:44,935 - pyswarms.single.global_best - INFO - Optimize for 25 iters with {'w': 0.9, 'c1': 2.0, 'c2': 2.0}
2026-01-17 13:26:05,810 - pyswarms.single.global_best - INFO - Optimization finished | best cost: 0.006700336700336651, best pos: [9.01359587e-01 4.40774909e+02 8.23801551e+02 9.40492868e-01
 4.61321211e+02 2.04451466e+00 2.66248942e+00 6.12087104e+00
 4.84854660e+00 6.71303560e+02 6.87013458e+02 2.03442643e-01
 1.80664431e+02 6.72751004e+00 3.55012009e+00 2.41113236e+00
 7.90127842e-01 8.93168054e+02 2.47483301e+02 6.34291192e-01
 1.26215320e+02 7.46420422e+00 1.52348187e+00 5.84841184e+00]
2026-01-17 13:26:05,971 - pyswarms.single.global_best - INFO - Optimize for 25 iters with {'w': 0.9, 'c1': 2.0, 'c2': 2.0}
2026-01-17 13:26:24,188 - pyswarms.single.global_best - INFO - Optimization finished | best cost: 0.012950336700336629, best pos: [2.11486857e+00 2.06443628e+02 4.33593105e+02 6.58830900e-01
 4.41785476e+02 8.67863876e+00 5.03484373e+00 1.73908497e+00
 2.14281591e+00 4.87116665e+02 6.18445716e+02 7.75979246e-01
 3.18339257e+02 2.34792473e+00 5.92428233e+00 3.77989767e+00
 1.27935964e+00 2.00334700e+02 2.18812045e+02 1.91734890e-01
 2.10952434e+02 5.53075411e+00 2.10300064e+00 1.43002211e+00]
2026-01-17 13:26:24,359 - pyswarms.single.global_best - INFO - Optimize for 25 iters with {'w': 0.9, 'c1': 2.0, 'c2': 2.0}
2026-01-17 13:26:43,526 - pyswarms.single.global_best - INFO - Optimization finished | best cost: 0.036064121064121046, best pos: [4.12957066e+00 4.30445166e+02 8.95852672e+02 2.73647088e-01
 4.79991779e+01 8.58269397e+00 3.99625517e+00 3.25463194e+00
 3.61570434e-01 2.45372107e+02 8.81016310e+02 7.53981707e-01
 1.85317540e+01 3.49442036e+00 9.88540284e+00 7.92222712e+00
 2.86630738e+00 1.26976775e+02 5.98523511e+02 2.05015044e-01
 2.36027172e+02 4.54321327e+00 8.99544966e+00 9.20861716e+00]
2026-01-17 13:26:43,726 - pyswarms.single.global_best - INFO - Optimize for 25 iters with {'w': 0.9, 'c1': 2.0, 'c2': 2.0}
2026-01-17 13:27:07,491 - pyswarms.single.global_best - INFO - Optimization finished | best cost: 0.03524572649572644, best pos: [4.93749659e+00 1.09982057e+02 3.86815990e+02 1.47981871e-01
 4.05924027e+02 4.57706201e+00 2.04791544e+00 5.87862009e+00
 4.29721276e+00 2.71635296e+02 4.78313874e+02 5.19638860e-01
 1.52613542e+02 8.75812246e+00 3.45495849e+00 5.96519696e+00
 7.51068371e-03 5.89591405e+02 5.79688876e+00 8.91471987e-01
 2.96829233e+02 7.73979399e+00 1.32408251e+00 9.37937512e+00]
2026-01-17 13:27:07,672 - pyswarms.single.global_best - INFO - Optimize for 25 iters with {'w': 0.9, 'c1': 2.0, 'c2': 2.0}
2026-01-17 13:27:33,026 - pyswarms.single.global_best - INFO - Optimization finished | best cost: 0.03501967361342362, best pos: [1.31930653e+00 7.59027217e+02 3.72130328e+01 2.96215964e-01
 1.38892644e+01 3.69545657e+00 7.29302814e+00 6.59654572e+00
 2.35468614e+00 7.86121669e+02 5.25298633e+02 5.69553827e-01
 4.08458326e+02 7.00823281e+00 9.41865088e+00 3.44026238e+00
 1.91739344e+00 7.70177165e+02 1.51262171e+02 1.77091425e-01
 4.79458984e+02 3.22665113e+00 6.35709149e+00 7.61983063e+00]
2026-04-28 23:48:17,479 - pyswarms.single.global_best - INFO - Optimize for 1 iters with {'c1': 1.49445, 'c2': 1.49445, 'w': 0.729}
2026-04-28 23:50:17,738 - pyswarms.single.global_best - INFO - Optimize for 1 iters with {'c1': 1.49445, 'c2': 1.49445, 'w': 0.729}
2026-04-28 23:50:18,240 - pyswarms.single.global_best - INFO - Optimization finished | best cost: 0.008518518518518592, best pos: [2.01252084e+00 6.36401407e+02 5.11354763e+01 2.57607295e+02
 5.95247944e+01 6.03795493e+02 6.86589945e+02 1.14487727e+02
 3.83838945e+02 4.56236563e+02 3.69053085e+02 1.21025088e+02
 4.18947848e+02 7.51178073e+02 7.10077574e+01 8.01801061e+01
 3.54771356e+02 9.41725717e+02 6.68572680e+02 6.78669989e+02
 3.61920055e+02 6.34294712e-01 1.09118066e-01 6.72486442e-01
 9.21958253e-01 6.51316122e-01 8.86328734e-01 7.51575750e-01
 2.08502575e-01 9.12207977e-01 1.59799460e-01]
2026-04-28 23:50:18,241 - pyswarms.single.global_best - INFO - Optimize for 1 iters with {'c1': 1.49445, 'c2': 1.49445, 'w': 0.729}
2026-04-28 23:50:18,729 - pyswarms.single.global_best - INFO - Optimization finished | best cost: 0.008518518518518592, best pos: [2.12917902e+00 6.36418430e+02 5.16867561e+01 2.57941558e+02
 5.97356538e+01 6.04451653e+02 6.86674610e+02 1.15184591e+02
 3.84067826e+02 4.56884210e+02 3.69492630e+02 1.21627758e+02
 4.19665194e+02 7.51388320e+02 7.17084252e+01 8.04640384e+01
 3.55052395e+02 9.41973860e+02 6.68967366e+02 6.78782361e+02
 3.62323710e+02 1.29197520e-01 6.64544487e-01 3.80217264e-01
 3.43039997e-01 8.71717060e-01 1.75383874e-01 8.93456527e-01
 2.50527662e-01 2.61852553e-01 3.56810027e-01]
2026-04-28 23:50:18,729 - pyswarms.single.global_best - INFO - Optimize for 1 iters with {'c1': 1.49445, 'c2': 1.49445, 'w': 0.729}
2026-04-28 23:50:19,224 - pyswarms.single.global_best - INFO - Optimization finished | best cost: 0.008518518518518592, best pos: [2.05692710e+00 6.36408520e+02 5.12858927e+01 2.58171489e+02
 5.96247284e+01 6.04192807e+02 6.86707395e+02 1.14696666e+02
 3.84183997e+02 4.56698624e+02 3.69665333e+02 1.21678577e+02
 4.19417173e+02 7.51364592e+02 7.17715693e+01 8.05325522e+01
 3.54904616e+02 9.42101424e+02 6.69001401e+02 6.78712508e+02
 3.62107722e+02 7.19729549e-01 4.36026897e-01 2.82794598e-01
 4.46142332e-01 8.53041024e-01 5.30438945e-01 9.42753478e-01
 2.62593027e-01 1.20974131e-01 4.90770842e-01]
2026-04-28 23:50:19,224 - pyswarms.single.global_best - INFO - Optimize for 1 iters with {'c1': 1.49445, 'c2': 1.49445, 'w': 0.729}
2026-04-28 23:50:19,801 - pyswarms.single.global_best - INFO - Optimization finished | best cost: 0.008518518518518592, best pos: [5.39926692e+00 1.59318281e+01 6.25812976e+01 1.33505017e+02
 4.15785448e+02 5.63540477e+02 7.58572553e+02 1.42028078e+02
 5.23555492e+02 3.57686614e+02 3.79122027e+02 6.72482474e+02
 9.18623246e+01 7.31328036e+02 5.04805217e+02 1.97480689e+01
 9.60559069e+02 2.51099657e+02 7.55057561e+01 5.71450427e+02
 2.93652860e+02 8.73939005e-01 2.97719876e-01 2.99518075e-01
 1.39131172e-01 9.54998180e-01 4.21163154e-01 9.11370760e-01
 7.81322421e-01 5.75323629e-01 2.88886356e-01]
2026-04-28 23:50:19,801 - pyswarms.single.global_best - INFO - Optimize for 1 iters with {'c1': 1.49445, 'c2': 1.49445, 'w': 0.729}
2026-04-28 23:50:20,399 - pyswarms.single.global_best - INFO - Optimization finished | best cost: 0.008518518518518592, best pos: [6.08655877e+00 6.36392351e+02 5.08543679e+01 2.57881815e+02
 5.94545218e+01 6.03437560e+02 6.86539402e+02 1.14197002e+02
 3.83546663e+02 4.56115496e+02 3.68660848e+02 1.20660931e+02
 4.18625334e+02 7.51198132e+02 7.06119977e+01 8.00281408e+01
 3.54581825e+02 9.41601324e+02 6.68018129e+02 6.78625914e+02
 3.61634763e+02 9.68716771e-01 5.38032086e-01 2.26050749e-01
 8.60989610e-01 5.61941537e-01 4.64844517e-01 7.19380228e-01
 1.63454504e-01 3.85227474e-01 8.60753817e-01]
2026-04-28 23:50:20,399 - pyswarms.single.global_best - INFO - Optimize for 1 iters with {'c1': 1.49445, 'c2': 1.49445, 'w': 0.729}
2026-04-28 23:50:20,891 - pyswarms.single.global_best - INFO - Optimization finished | best cost: 0.008518518518518592, best pos: [3.11521971e+00 4.53105131e+02 5.12626805e+01 3.64138732e+02
 4.71816122e+02 6.51547595e+02 6.20787617e+02 1.08833959e+02
 2.70153156e+02 4.66282353e+02 3.66014336e+02 8.08751638e+01
 3.38324208e+02 8.13880111e+02 7.61474002e+02 9.05347496e+02
 2.06200555e+02 4.18652151e+02 8.09605978e+02 7.25162318e+02
 3.88926456e+02 5.34120435e-01 1.33252970e-01 1.52860098e-01
 2.41912351e-01 3.98922799e-01 3.23244282e-01 6.54704252e-01
 9.28806908e-01 2.32884698e-01 9.98520647e-01]
2026-04-28 23:50:20,892 - pyswarms.single.global_best - INFO - Optimize for 1 iters with {'c1': 1.49445, 'c2': 1.49445, 'w': 0.729}
2026-04-28 23:50:21,466 - pyswarms.single.global_best - INFO - Optimization finished | best cost: 0.008518518518518592, best pos: [7.49343517e+00 6.36396575e+02 5.11985809e+01 2.57404633e+02
 5.94788035e+01 6.03590811e+02 6.86554158e+02 1.14531703e+02
 3.83589199e+02 4.55902966e+02 3.68353481e+02 1.20773294e+02
 4.19021398e+02 7.51124218e+02 7.03124358e+01 7.99453360e+01
 3.54844559e+02 9.41701741e+02 6.68764102e+02 6.78649109e+02
 3.61975794e+02 9.67128352e-01 6.35426525e-01 1.20271352e-01
 5.81655541e-01 6.07077554e-01 1.39865853e-01 6.41652393e-01
 1.84632701e-01 4.47318899e-01 9.03928033e-01]
2026-04-28 23:50:21,466 - pyswarms.single.global_best - INFO - Optimize for 1 iters with {'c1': 1.49445, 'c2': 1.49445, 'w': 0.729}
2026-04-28 23:50:21,935 - pyswarms.single.global_best - INFO - Optimization finished | best cost: 0.006296296296296355, best pos: [8.69810406e+00 1.27369561e+02 1.26271224e+02 8.13434501e+02
 9.24254282e+02 4.60669884e+02 4.98971167e+02 3.18262110e+02
 8.94265129e+02 6.44902941e+02 2.88251648e+02 2.98782941e+02
 8.91200084e+02 1.36341225e+01 3.22726640e+02 5.54356726e+02
 1.48217547e+02 9.20988450e+01 8.15276350e+02 8.94404399e+02
 8.23606438e+02 9.08909101e-01 5.97800774e-01 8.31032309e-01
 4.45638375e-01 6.99641075e-01 9.89951978e-01 3.03154951e-01
 4.50909772e-01 5.32042640e-01 2.24213938e-01]
2026-04-28 23:50:21,935 - pyswarms.single.global_best - INFO - Optimize for 1 iters with {'c1': 1.49445, 'c2': 1.49445, 'w': 0.729}
2026-04-28 23:50:22,548 - pyswarms.single.global_best - INFO - Optimization finished | best cost: 0.006296296296296355, best pos: [3.81133841e+00 6.08105452e+02 8.21437351e+02 6.74523658e+02
 3.23047803e+02 8.27623394e+02 6.95131548e+01 2.65503291e+02
 6.31864983e+02 6.10583478e+02 2.33390449e+01 2.82797103e+02
 4.15433358e+02 1.48209508e+02 6.06531813e+02 3.57046591e+02
 4.95959083e+02 3.35026530e+02 2.60597798e+02 3.17768459e-01
 4.68938492e+02 4.07943438e-01 5.00616235e-01 5.80156870e-01
 8.10917449e-01 1.67513541e-01 3.17883393e-01 6.54166917e-01
 1.98350369e-01 5.21616541e-01 6.13292418e-01]
2026-04-28 23:50:22,549 - pyswarms.single.global_best - INFO - Optimize for 1 iters with {'c1': 1.49445, 'c2': 1.49445, 'w': 0.729}
2026-04-28 23:50:23,112 - pyswarms.single.global_best - INFO - Optimization finished | best cost: 0.006296296296296355, best pos: [3.86458250e+00 6.95187497e+02 6.29628382e+02 8.63484622e+02
 1.32288034e+02 9.77589963e+02 5.82628688e+02 9.95474153e+02
 9.11514735e+02 2.21517350e+02 5.61621043e+01 2.55639168e+02
 5.27563696e+02 1.71596450e+02 1.67459828e+02 4.62593601e+02
 3.32680678e+01 1.21888170e+02 4.15861398e+02 6.31300029e+01
 3.96755117e+02 5.26605639e-01 5.06139953e-01 8.82257372e-01
 5.77056210e-01 5.21182416e-01 4.69638321e-01 8.35861040e-01
 9.05550944e-01 8.67918222e-01 7.06191920e-01]
2026-04-28 23:50:29,231 - pyswarms.single.global_best - INFO - Optimize for 1 iters with {'c1': 1.49445, 'c2': 1.49445, 'w': 0.729}
2026-04-28 23:50:30,073 - pyswarms.single.global_best - INFO - Optimization finished | best cost: 0.05712962962962964, best pos: [8.48207304e+00 5.36578236e+02 2.78217259e+02 6.16080791e+01
 1.62498499e+02 8.95033869e+02 6.86024255e+02 2.49901797e+02
 6.56008584e+01 6.90615343e+02 5.72407769e+02 4.04519584e+02
 3.63611513e+02 2.16814354e+02 6.69611290e+02 9.70668031e+02
 1.75715328e+02 5.97116660e+02 4.24185113e+02 4.46688777e+02
 2.54147355e+02 8.42621388e-01 5.36730044e-01 5.89065267e-01
 3.74284822e-01 2.63627619e-01 1.77319349e-01 7.42707227e-01
 2.76610854e-01 7.21067819e-01 4.51338801e-01]
2026-04-28 23:50:30,073 - pyswarms.single.global_best - INFO - Optimize for 1 iters with {'c1': 1.49445, 'c2': 1.49445, 'w': 0.729}
2026-04-28 23:50:30,598 - pyswarms.single.global_best - INFO - Optimization finished | best cost: 0.0341666666666669, best pos: [7.49967032e+00 4.91639030e+02 8.53362834e+01 4.79311964e+02
 8.84941606e+02 1.33758643e+02 9.27737889e+02 9.38216768e+02
 7.43049372e+00 2.43661446e+02 1.50130306e+02 7.09122208e+02
 9.42067925e+02 7.95024614e+02 2.72355722e+02 6.49326952e+02
 6.32476251e+02 8.00161924e+02 8.04743501e+02 9.13355868e+02
 4.65202641e+02 6.32224054e-01 8.09599182e-01 6.64418017e-01
 9.54135805e-01 4.61544056e-01 5.73793673e-01 7.90484932e-01
 1.94136597e-01 4.16471534e-01 5.87814159e-01]
2026-04-28 23:50:30,599 - pyswarms.single.global_best - INFO - Optimize for 1 iters with {'c1': 1.49445, 'c2': 1.49445, 'w': 0.729}
2026-04-28 23:50:31,125 - pyswarms.single.global_best - INFO - Optimization finished | best cost: 0.0341666666666669, best pos: [7.83096408e+00 9.31912739e+02 2.78871998e+02 9.50211211e+02
 6.32627655e+01 6.03013903e+02 5.71328136e+01 8.93774198e+02
 5.29809104e+02 6.69348384e+02 8.31573943e+02 1.50310707e+02
 3.85916581e+01 8.78881158e+02 3.14933296e+02 1.28978995e+02
 4.68461290e+02 5.98306116e+02 3.09707003e+01 2.74895731e+02
 3.27999710e+01 4.78301850e-01 9.05590026e-01 9.84387170e-01
 6.73342798e-01 2.45473924e-01 9.15264451e-01 5.64623041e-01
 2.38374381e-01 9.29554003e-01 7.81722146e-01]
2026-04-28 23:50:31,125 - pyswarms.single.global_best - INFO - Optimize for 1 iters with {'c1': 1.49445, 'c2': 1.49445, 'w': 0.729}
2026-04-28 23:50:31,894 - pyswarms.single.global_best - INFO - Optimization finished | best cost: 0.009629629629629655, best pos: [2.17798658e+00 8.03442612e+02 6.74158397e+02 3.00841795e+01
 2.63888325e+02 8.37607891e+02 4.11393551e+02 6.45075842e+02
 3.73490006e+02 1.76134313e+02 8.86379181e+02 1.37822649e+02
 3.81141922e+00 5.71067515e+01 7.36002738e+02 4.41771006e+02
 5.15016976e+01 3.76080100e+02 5.06549592e+02 1.78761356e+02
 4.24685999e+01 1.14256188e-01 8.17048840e-01 9.18921082e-01
 1.99879943e-01 2.01927691e-01 6.06096847e-01 8.49933287e-01
 7.32742063e-01 9.27637760e-01 8.62729436e-01]
2026-04-28 23:50:31,895 - pyswarms.single.global_best - INFO - Optimize for 1 iters with {'c1': 1.49445, 'c2': 1.49445, 'w': 0.729}
2026-04-28 23:50:32,534 - pyswarms.single.global_best - INFO - Optimization finished | best cost: 0.009629629629629655, best pos: [4.19284101e+00 9.74551383e+02 3.59766550e+02 6.02123393e+01
 4.64042757e+01 4.17060554e+01 3.98617537e+01 9.20510368e+02
 9.55004452e+02 4.43548998e+02 3.74512408e+02 9.84373631e+02
 8.65177785e+00 1.25537555e+02 4.82555850e+02 2.79891843e+02
 1.54338587e+02 1.29458482e+02 5.73087903e+02 4.02870828e+02
 2.02802308e+00 4.82185288e-01 1.20501527e-01 8.83237064e-01
 4.88211859e-01 3.70775138e-01 6.57756346e-01 8.65116235e-01
 7.59693538e-01 1.98897102e-01 8.77442706e-01]
2026-04-28 23:50:32,534 - pyswarms.single.global_best - INFO - Optimize for 1 iters with {'c1': 1.49445, 'c2': 1.49445, 'w': 0.729}
2026-04-28 23:50:33,133 - pyswarms.single.global_best - INFO - Optimization finished | best cost: 0.009629629629629655, best pos: [3.38575770e+00 5.27629723e+02 4.28970391e+02 1.82671257e+02
 4.09329205e+02 8.40491357e+02 2.11265194e+02 4.45408120e+02
 2.14007615e+02 7.12599986e+02 2.39790487e+00 2.91752914e+02
 7.51187803e+02 5.06584894e+00 2.58619193e+02 5.28063242e+02
 5.88262846e+02 1.20776374e+02 2.30242867e+02 3.00926787e+02
 9.28447681e+02 8.75914817e-01 1.07471494e-01 8.93236577e-01
 7.42442937e-01 2.02417342e-01 4.21453507e-01 3.09432927e-01
 4.02668349e-01 6.53518501e-01 2.35952296e-01]
2026-04-28 23:50:33,134 - pyswarms.single.global_best - INFO - Optimize for 1 iters with {'c1': 1.49445, 'c2': 1.49445, 'w': 0.729}
2026-04-28 23:50:33,699 - pyswarms.single.global_best - INFO - Optimization finished | best cost: 0.009629629629629655, best pos: [5.24107064e+00 3.45651800e+02 6.01236677e+02 1.50579971e+02
 1.95554142e+02 1.40060308e+02 5.71307233e+02 4.53593778e+02
 3.73831806e+02 3.17162035e+02 8.33130923e+02 7.57700468e+02
 9.09052471e+02 1.91070688e+01 2.57514966e+02 5.72978665e+02
 3.95308152e+02 8.86776185e+01 4.19322334e+02 7.95487747e+02
 4.25609581e+01 9.02268924e-01 1.04406084e-01 9.86149243e-01
 7.83277241e-01 9.23186708e-01 1.22195520e-01 8.25822846e-01
 3.52668244e-01 2.07796298e-01 3.45930249e-01]
2026-04-28 23:50:33,699 - pyswarms.single.global_best - INFO - Optimize for 1 iters with {'c1': 1.49445, 'c2': 1.49445, 'w': 0.729}
2026-04-28 23:50:34,361 - pyswarms.single.global_best - INFO - Optimization finished | best cost: 0.009629629629629655, best pos: [5.01689588e+00 9.06391492e+02 5.30115612e+02 1.37763016e+02
 3.69056222e+02 7.22097474e+02 1.74184271e+02 5.90231238e+02
 6.95274163e+02 3.43853641e+02 6.93880719e+02 8.84207363e+02
 4.72116797e+02 3.82909390e+02 2.51158476e+02 6.04205519e+02
 8.79852060e+02 3.24661335e+02 3.96235585e+02 4.06625577e+02
 5.60812386e+02 3.05568065e-01 8.39990040e-01 3.66042050e-01
 7.34826422e-01 5.61894168e-01 6.27307843e-01 2.61647865e-01
 7.61520878e-01 2.69758467e-01 2.02126274e-01]
2026-04-28 23:50:34,361 - pyswarms.single.global_best - INFO - Optimize for 1 iters with {'c1': 1.49445, 'c2': 1.49445, 'w': 0.729}
2026-04-28 23:50:35,106 - pyswarms.single.global_best - INFO - Optimization finished | best cost: 0.009629629629629655, best pos: [7.06591738e+00 8.77730213e+02 8.38626564e+02 7.01085714e+02
 6.35818127e+02 7.72954478e+02 5.57024692e+02 7.22223893e+02
 7.16377067e+02 9.52225339e+02 7.38714208e+02 8.35852560e+02
 8.42967301e+02 8.59189049e+02 9.88694209e+02 8.59341385e+02
 1.74644713e+02 1.30389603e+02 2.48533220e+02 1.42141809e+02
 6.64201477e+02 5.19358312e-01 6.81188507e-01 3.60710208e-01
 2.55558410e-01 5.85592176e-01 1.85773947e-01 4.79238582e-01
 5.89378621e-01 1.20872580e-01 9.08033223e-01]
2026-04-28 23:50:35,107 - pyswarms.single.global_best - INFO - Optimize for 1 iters with {'c1': 1.49445, 'c2': 1.49445, 'w': 0.729}
2026-04-28 23:50:35,671 - pyswarms.single.global_best - INFO - Optimization finished | best cost: 0.009629629629629655, best pos: [9.29783698e+00 8.92795950e+02 6.53901181e+02 6.72234183e+02
 5.33924144e+00 9.84871568e+02 8.77832616e+02 8.95106236e+02
 6.59244571e+02 3.44786994e+02 8.93648660e+02 2.91516999e+02
 5.62711587e+02 9.97310624e+01 9.21955638e+02 1.40770544e+02
 2.24896883e+02 5.58134202e+02 7.64093024e+02 6.19351344e+02
 2.32133990e+02 1.00848738e-01 7.81435522e-01 9.86686593e-01
 8.28921808e-01 5.14185956e-01 9.13390535e-01 4.68862906e-01
 5.72440676e-01 5.29416791e-01 5.02861485e-01]
2026-04-28 23:50:41,891 - pyswarms.single.global_best - INFO - Optimize for 1 iters with {'c1': 1.49445, 'c2': 1.49445, 'w': 0.729}
2026-04-28 23:50:42,620 - pyswarms.single.global_best - INFO - Optimization finished | best cost: 0.0625, best pos: [8.45371814e+00 1.65395476e+01 1.86807980e+02 6.54905337e+02
 3.75759410e+02 9.82482653e+02 6.65404826e+02 9.56548913e+02
 2.01446562e+02 8.63957042e+02 3.21352374e+02 9.89564809e+02
 1.57688756e+02 5.16339867e+02 7.92844555e+02 4.32642537e+02
 4.68084113e+02 9.86355797e+02 4.25308208e+02 6.04072140e+02
 5.45397552e+01 8.57989072e-01 6.83351244e-01 4.63618093e-01
 1.14552586e-01 6.32501939e-01 1.11392046e-01 1.01083253e-01
 6.54488706e-01 2.70115361e-01 2.72698795e-01]
2026-04-28 23:50:42,620 - pyswarms.single.global_best - INFO - Optimize for 1 iters with {'c1': 1.49445, 'c2': 1.49445, 'w': 0.729}
2026-04-28 23:50:43,191 - pyswarms.single.global_best - INFO - Optimization finished | best cost: 0.04324074074074069, best pos: [8.20220794e+00 4.04765170e+02 5.51929242e+02 7.21812234e+02
 3.95731430e+02 8.67607826e+02 7.99587647e+02 1.28583250e+02
 2.50749834e+02 8.68868296e+02 2.39882989e+02 9.63345775e+02
 7.93218705e+02 5.28612345e+02 1.22274523e+02 3.65342173e+02
 5.28103711e+02 6.03580969e+02 2.39418480e+02 4.98687920e+02
 1.35068616e+02 5.38117337e-01 7.95695942e-01 6.21745408e-01
 3.64019048e-01 7.26245872e-01 6.50724524e-01 5.15302870e-01
 4.26170399e-01 9.23503334e-01 6.91706276e-01]
2026-04-28 23:50:43,191 - pyswarms.single.global_best - INFO - Optimize for 1 iters with {'c1': 1.49445, 'c2': 1.49445, 'w': 0.729}
2026-04-28 23:50:43,757 - pyswarms.single.global_best - INFO - Optimization finished | best cost: 0.04324074074074069, best pos: [8.64831943e+00 5.96066091e+02 5.02882360e+02 6.59976351e+02
 3.93544741e+02 9.35876320e+02 6.72601455e+02 9.40964843e+02
 2.22219551e+02 8.69988247e+02 2.86628953e+02 9.82811181e+02
 8.27913913e+01 5.23495686e+02 1.90727408e+02 3.71808594e+02
 5.18935128e+02 4.63186478e+02 2.37964909e+02 5.40701874e+02
 1.58413533e+02 1.81780546e-01 1.40108785e-01 7.06617807e-01
 4.26107912e-01 8.04616741e-01 9.83899299e-01 8.75121655e-01
 9.01537992e-01 5.42543390e-01 5.95892179e-01]
2026-04-28 23:50:43,758 - pyswarms.single.global_best - INFO - Optimize for 1 iters with {'c1': 1.49445, 'c2': 1.49445, 'w': 0.729}
2026-04-28 23:50:44,387 - pyswarms.single.global_best - INFO - Optimization finished | best cost: 0.04324074074074069, best pos: [9.13068266e+00 7.21314342e+02 7.61337564e+02 6.43558019e+02
 5.02794361e+02 2.74184435e+02 2.01055858e+02 8.53649191e+02
 4.62062569e+02 2.18102416e+02 2.69468810e+02 6.63400323e+02
 7.80824423e+02 3.95347804e+02 7.70441244e+00 5.35800112e+02
 4.40292423e+02 2.36152824e+02 3.77898534e+02 4.26757712e+02
 3.00050843e+02 8.34943462e-01 7.21999027e-01 1.25672424e-01
 3.07307245e-01 4.65548101e-01 7.36770719e-01 1.44541101e-01
 3.65413170e-01 3.66670109e-01 9.73074458e-01]
2026-04-28 23:50:44,387 - pyswarms.single.global_best - INFO - Optimize for 1 iters with {'c1': 1.49445, 'c2': 1.49445, 'w': 0.729}
2026-04-28 23:50:45,206 - pyswarms.single.global_best - INFO - Optimization finished | best cost: 0.04324074074074069, best pos: [3.51074416e+00 7.49308079e+02 3.08867181e+02 2.21237997e+02
 5.48370166e+02 6.51854877e+02 2.93363645e+02 2.92425099e+02
 8.29449570e+02 9.70321164e+02 7.32636421e+02 2.66521035e+02
 6.91697016e+02 8.90175417e+02 9.70082285e+02 3.02858096e+02
 7.92467680e+02 7.44326265e+02 9.72966351e+01 6.05184865e+02
 3.49233172e+02 7.53577535e-01 7.62603221e-01 2.09899413e-01
 6.99447846e-01 7.71553575e-01 1.68081920e-01 3.62486694e-01
 7.32001959e-01 5.18576404e-01 7.45285707e-01]
2026-04-28 23:50:45,206 - pyswarms.single.global_best - INFO - Optimize for 1 iters with {'c1': 1.49445, 'c2': 1.49445, 'w': 0.729}
2026-04-28 23:50:45,760 - pyswarms.single.global_best - INFO - Optimization finished | best cost: 0.04324074074074069, best pos: [5.17400741e+00 1.03618877e+02 8.37074462e+02 5.50302438e+02
 6.90955151e+02 6.82582202e+02 8.41606247e+02 1.32569490e+02
 6.59728174e+02 5.75134097e+02 3.08972195e+01 2.01422989e+02
 2.67571615e+02 7.25564682e+01 3.54719870e+02 2.72026060e+01
 5.53183537e+02 2.11501039e+02 2.87003177e+02 9.10471635e+02
 5.02816899e+02 3.42112538e-01 6.38615582e-01 2.81504291e-01
 1.66956117e-01 1.18815719e-01 9.56376141e-01 7.52149742e-01
 8.19953333e-01 9.82825955e-01 9.38465833e-01]
2026-04-28 23:50:45,761 - pyswarms.single.global_best - INFO - Optimize for 1 iters with {'c1': 1.49445, 'c2': 1.49445, 'w': 0.729}
2026-04-28 23:50:46,272 - pyswarms.single.global_best - INFO - Optimization finished | best cost: 0.002962962962963056, best pos: [2.26938202e+00 4.72984494e+01 3.59771713e+02 2.37170332e+02
 3.70750839e+02 6.05512037e+02 7.10359397e+02 1.41857806e+02
 1.76365082e+01 9.97728585e+02 5.27614907e+02 2.85963387e+02
 8.57749031e+02 5.30057764e+02 8.11951019e+02 3.95834207e+02
 6.10024051e+02 1.59953867e+02 8.62304878e+02 1.95825088e+02
 6.08771448e+02 6.08207487e-01 4.13540935e-01 6.72362912e-01
 8.81196725e-01 1.20590882e-01 3.69550929e-01 3.41212009e-01
 6.52344053e-01 5.14150774e-01 8.42414480e-01]
2026-04-28 23:50:46,272 - pyswarms.single.global_best - INFO - Optimize for 1 iters with {'c1': 1.49445, 'c2': 1.49445, 'w': 0.729}
2026-04-28 23:50:46,815 - pyswarms.single.global_best - INFO - Optimization finished | best cost: 0.002962962962963056, best pos: [8.12409498e+00 9.15521503e+02 3.54998150e+02 3.81661254e+02
 2.82594134e+02 2.66406268e+02 5.25956425e+02 1.32955290e+02
 7.87259633e+02 3.39608588e+02 3.39551209e+02 6.54942389e+02
 7.07953256e+02 6.26046913e+02 8.05012685e+02 7.66005052e+02
 5.86044881e+02 1.97855511e+02 8.41570962e+02 2.03951420e+02
 4.33723047e+02 3.50809014e-01 3.96723054e-01 8.61876144e-01
 8.57842119e-01 7.13895775e-01 2.71641892e-01 5.11236400e-01
 1.83330437e-01 1.09818689e-01 1.08774976e-01]
2026-04-28 23:50:46,815 - pyswarms.single.global_best - INFO - Optimize for 1 iters with {'c1': 1.49445, 'c2': 1.49445, 'w': 0.729}
2026-04-28 23:50:47,365 - pyswarms.single.global_best - INFO - Optimization finished | best cost: 0.002962962962963056, best pos: [8.47749808e+00 1.53006646e+02 2.30372063e+02 1.08836993e+02
 1.44053783e+02 1.39000225e+02 4.92280503e+02 2.20599236e+02
 2.56951913e+02 5.17353213e+02 3.94014551e+02 2.76167111e+02
 1.71996820e+02 6.55001718e+02 3.01755824e+01 7.11314040e+02
 3.30634208e+02 3.09957479e+02 7.73801411e+02 5.63426004e+01
 6.91140584e+02 6.32044607e-01 4.88160767e-01 1.56203660e-01
 5.14694781e-01 6.42954228e-01 4.57857853e-01 5.96323138e-01
 5.42205275e-01 6.28625609e-01 5.17645597e-01]
2026-04-28 23:50:47,365 - pyswarms.single.global_best - INFO - Optimize for 1 iters with {'c1': 1.49445, 'c2': 1.49445, 'w': 0.729}
2026-04-28 23:50:47,883 - pyswarms.single.global_best - INFO - Optimization finished | best cost: 0.002962962962963056, best pos: [2.97348217e+00 6.86336775e+02 3.82066418e+02 9.79009046e+02
 2.65404830e+01 5.88124488e+02 4.90563455e+02 7.67235487e+02
 2.62475253e+02 3.76816790e+02 4.07945879e+02 9.91945214e+01
 8.47189869e+02 4.86650180e+02 9.12523694e+02 6.33995571e+02
 7.71619901e+02 8.88241928e+02 6.42103224e+02 1.83878465e+02
 7.22513341e+02 8.41044968e-01 7.03276612e-01 6.15036261e-01
 6.81547883e-01 9.55562381e-01 6.11757620e-01 9.46425265e-01
 4.32168509e-01 9.39399330e-01 2.87488632e-01]
2026-04-28 23:50:53,682 - pyswarms.single.global_best - INFO - Optimize for 1 iters with {'c1': 1.49445, 'c2': 1.49445, 'w': 0.729}
2026-04-28 23:50:54,231 - pyswarms.single.global_best - INFO - Optimization finished | best cost: 0.025925925925925797, best pos: [2.53726226e+00 7.31035785e+02 5.01166678e+02 3.68898007e+02
 1.05617135e+02 7.32240277e+02 3.21019878e+02 2.65324144e+02
 6.52319236e+02 5.59010937e+02 3.62410706e+02 6.41487507e+02
 2.71221593e+02 7.94830282e+02 2.29319027e+02 1.58837779e+02
 7.82439431e+02 7.07892060e+02 1.82639057e+02 1.16245841e+02
 8.38399105e+02 7.98938634e-01 3.94531636e-01 6.92377667e-01
 2.11744168e-01 5.56342893e-01 1.16857263e-01 4.52441693e-01
 1.67358539e-01 5.27632462e-01 4.79513482e-01]
2026-04-28 23:50:54,231 - pyswarms.single.global_best - INFO - Optimize for 1 iters with {'c1': 1.49445, 'c2': 1.49445, 'w': 0.729}
2026-04-28 23:50:54,966 - pyswarms.single.global_best - INFO - Optimization finished | best cost: 0.015555555555555545, best pos: [3.05574695e+00 7.31555121e+02 5.01250856e+02 3.69313711e+02
 1.06031470e+02 7.32737783e+02 3.21082133e+02 2.65780864e+02
 6.52523904e+02 5.59380542e+02 3.62974458e+02 6.42001923e+02
 2.71308274e+02 7.95261256e+02 2.30025513e+02 1.58952064e+02
 7.83061201e+02 7.08404217e+02 1.83203306e+02 1.16451389e+02
 8.38608976e+02 5.59426817e-01 6.56849188e-01 7.38315887e-01
 6.49579165e-01 6.47334974e-01 6.97575923e-01 9.20274849e-01
 8.05034162e-01 1.99778817e-01 5.61244332e-01]
2026-04-28 23:50:54,966 - pyswarms.single.global_best - INFO - Optimize for 1 iters with {'c1': 1.49445, 'c2': 1.49445, 'w': 0.729}
2026-04-28 23:50:55,438 - pyswarms.single.global_best - INFO - Optimization finished | best cost: 0.015555555555555545, best pos: [3.43372228e+00 7.31933716e+02 5.01312221e+02 3.69616760e+02
 1.06333520e+02 7.33100465e+02 3.21127517e+02 2.66113814e+02
 6.52673108e+02 5.59649984e+02 3.63385434e+02 6.42376932e+02
 2.71371464e+02 7.95575436e+02 2.30540542e+02 1.59035378e+02
 7.83514470e+02 7.08777580e+02 1.83614643e+02 1.16601233e+02
 8.38761972e+02 1.40922703e-01 8.48078683e-01 7.71804849e-01
 9.68760878e-01 7.13668201e-01 2.20919826e-01 3.61325221e-01
 3.69899690e-01 6.16873510e-01 6.20826121e-01]
2026-04-28 23:50:55,438 - pyswarms.single.global_best - INFO - Optimize for 1 iters with {'c1': 1.49445, 'c2': 1.49445, 'w': 0.729}
2026-04-28 23:50:55,937 - pyswarms.single.global_best - INFO - Optimization finished | best cost: 0.015555555555555545, best pos: [3.28050229e+00 7.31683715e+02 5.01301867e+02 3.69550314e+02
 1.06209323e+02 7.33281887e+02 3.21094578e+02 2.66175252e+02
 6.52641794e+02 5.59657711e+02 3.63397487e+02 6.42256473e+02
 2.71323599e+02 7.95495027e+02 2.30304823e+02 1.59092675e+02
 7.83295929e+02 7.08882384e+02 1.83836621e+02 1.16685090e+02
 8.38718056e+02 2.15876167e-01 7.97097805e-01 7.83088413e-01
 2.04467172e-01 7.09886107e-01 5.75867542e-01 9.43520880e-01
 2.42030365e-01 3.17765359e-01 6.26360209e-01]
2026-04-28 23:50:55,937 - pyswarms.single.global_best - INFO - Optimize for 1 iters with {'c1': 1.49445, 'c2': 1.49445, 'w': 0.729}
2026-04-28 23:50:56,484 - pyswarms.single.global_best - INFO - Optimization finished | best cost: 0.015555555555555545, best pos: [2.87930175e+00 7.31437882e+02 5.01274546e+02 3.69239045e+02
 1.06023161e+02 7.32725419e+02 3.21064467e+02 2.65806320e+02
 6.52611019e+02 5.59503638e+02 3.63189285e+02 6.41857983e+02
 2.71266557e+02 7.95275396e+02 2.29788685e+02 1.58987414e+02
 7.82797263e+02 7.08379171e+02 1.83925114e+02 1.16497105e+02
 8.38598747e+02 9.35055831e-01 7.07258919e-01 7.29639210e-01
 9.19410880e-01 6.32452786e-01 1.13197462e-01 4.39922110e-01
 8.13499236e-01 9.48963131e-01 6.27414446e-01]
2026-04-28 23:50:56,484 - pyswarms.single.global_best - INFO - Optimize for 1 iters with {'c1': 1.49445, 'c2': 1.49445, 'w': 0.729}
2026-04-28 23:50:57,022 - pyswarms.single.global_best - INFO - Optimization finished | best cost: 0.015555555555555545, best pos: [2.68955836e+00 7.31261316e+02 5.01222827e+02 3.69070940e+02
 1.05898001e+02 7.32320860e+02 3.21048521e+02 2.65527500e+02
 6.52538241e+02 5.59243623e+02 3.62913402e+02 6.41611508e+02
 2.71229025e+02 7.95113605e+02 2.29681423e+02 1.58887180e+02
 7.82720171e+02 7.08037867e+02 1.83843608e+02 1.16350301e+02
 8.38523317e+02 1.54447517e-01 6.13287491e-01 6.91678664e-01
 5.35726315e-01 5.82412704e-01 4.40065010e-01 8.94059264e-01
 3.24793095e-01 6.17066970e-01 6.17871173e-01]
2026-04-28 23:50:57,022 - pyswarms.single.global_best - INFO - Optimize for 1 iters with {'c1': 1.49445, 'c2': 1.49445, 'w': 0.729}
2026-04-28 23:50:57,753 - pyswarms.single.global_best - INFO - Optimization finished | best cost: 0.015555555555555545, best pos: [3.00370550e+00 5.29340281e+02 3.25272060e+02 1.68465182e+02
 5.45262416e+02 8.12504495e+02 1.36648038e+01 3.45605432e+02
 7.55368003e+02 8.03767387e+02 6.23564132e+02 9.80120424e+02
 1.65183391e+01 4.77414071e+02 4.54942597e+02 5.50221639e+00
 5.08306558e+02 5.00294870e+02 4.80534237e+02 6.02416046e+02
 6.40508141e+02 1.67241187e-01 7.66015351e-01 2.57104295e-01
 5.89605487e-01 5.66990663e-01 1.91599792e-01 1.55736417e-01
 7.46787785e-01 7.53457090e-01 1.01924578e-01]
2026-04-28 23:50:57,753 - pyswarms.single.global_best - INFO - Optimize for 1 iters with {'c1': 1.49445, 'c2': 1.49445, 'w': 0.729}
2026-04-28 23:50:58,503 - pyswarms.single.global_best - INFO - Optimization finished | best cost: 0.015555555555555545, best pos: [4.16177346e+00 8.47409811e+02 2.21073594e+02 8.39578309e+02
 2.07226877e+01 7.45460852e+02 7.50828619e+02 9.30788333e+02
 3.40074470e+02 9.74246814e+02 9.27388176e+02 1.01787404e+01
 7.47964820e+02 5.69994249e+02 3.77683695e+02 5.32318463e+02
 2.19792404e+02 4.93049069e+02 4.41764385e+01 2.35345297e+02
 1.93086093e+02 7.10280848e-01 1.74726057e-01 2.51327305e-01
 2.72827484e-01 6.94347540e-01 3.64498256e-01 9.44053735e-01
 4.42999880e-01 7.20147980e-01 8.81709256e-01]
2026-04-28 23:50:58,503 - pyswarms.single.global_best - INFO - Optimize for 1 iters with {'c1': 1.49445, 'c2': 1.49445, 'w': 0.729}
2026-04-28 23:50:59,300 - pyswarms.single.global_best - INFO - Optimization finished | best cost: 0.015555555555555545, best pos: [8.08438461e+00 7.29311318e+02 6.30483802e+02 3.29406852e+02
 9.99218243e+02 6.14199455e+02 3.17438078e+02 1.21949942e+02
 7.61581271e+02 6.39412509e+02 2.08368912e+02 4.99670263e+02
 4.76022688e+02 8.89014940e+02 1.24930814e+01 5.78910749e+02
 1.98096079e+02 2.31166967e+02 5.17288253e+02 7.34365526e+02
 7.31341003e+02 1.86188170e-01 1.88148856e-01 9.32349274e-01
 5.03418815e-01 8.07495942e-01 2.83777256e-01 2.30638760e-01
 8.60198775e-01 8.60830833e-01 8.89259337e-01]
2026-04-28 23:50:59,300 - pyswarms.single.global_best - INFO - Optimize for 1 iters with {'c1': 1.49445, 'c2': 1.49445, 'w': 0.729}
2026-04-28 23:50:59,848 - pyswarms.single.global_best - INFO - Optimization finished | best cost: 0.014444444444444371, best pos: [2.07821257e+00 6.24162499e+02 6.19027496e+02 2.99615979e+02
 2.92447070e+01 8.37959942e+02 3.63000453e+02 3.13257366e+02
 8.04550808e+02 8.55181257e+02 3.49925036e+02 9.43216667e+02
 7.03852534e+02 3.15811198e+02 9.60027624e+02 2.39135691e+02
 1.77487062e+02 7.31139189e+02 1.41831729e+02 5.50270373e+02
 4.96190058e+02 5.36752880e-01 2.85099945e-01 4.17942059e-01
 1.16367165e-01 9.50787244e-01 9.05800233e-01 7.37190162e-01
 5.79974897e-01 5.90498185e-01 4.02975724e-01]
2026-04-28 23:51:05,760 - pyswarms.single.global_best - INFO - Optimize for 1 iters with {'c1': 1.49445, 'c2': 1.49445, 'w': 0.729}
2026-04-28 23:51:06,302 - pyswarms.single.global_best - INFO - Optimization finished | best cost: 0.042592592592592515, best pos: [5.12382752e+00 3.50716782e+02 4.31595467e+02 7.43076160e+02
 5.01440797e+02 8.14059693e+02 7.45218503e+02 2.04785591e+01
 6.30238194e+02 4.36571180e+02 4.56629043e+02 8.18373072e+02
 5.47608031e+02 8.85621835e+02 7.12805621e+02 5.52840053e+02
 7.54538001e+02 3.83491471e+01 2.70837521e+01 8.33494186e+01
 4.37565381e+02 3.11905131e-01 9.85835165e-01 5.88061125e-01
 6.96174171e-01 3.50938123e-01 3.89617218e-01 4.01915723e-01
 7.28862135e-01 5.26335587e-01 5.65915287e-01]
2026-04-28 23:51:06,302 - pyswarms.single.global_best - INFO - Optimize for 1 iters with {'c1': 1.49445, 'c2': 1.49445, 'w': 0.729}
2026-04-28 23:51:06,888 - pyswarms.single.global_best - INFO - Optimization finished | best cost: 0.042592592592592515, best pos: [5.27776351e+00 3.50736197e+02 4.32119878e+02 7.43090744e+02
 5.02150407e+02 8.14221245e+02 7.45702486e+02 2.07954931e+01
 6.30281696e+02 4.36915402e+02 4.57005762e+02 8.18996136e+02
 5.48141914e+02 8.85679646e+02 7.12958101e+02 5.53067420e+02
 7.54622862e+02 3.86822265e+01 2.78013135e+01 8.37245713e+01
 4.38106213e+02 8.09766786e-01 7.05420601e-01 7.45323550e-01
 3.45713516e-01 9.93446093e-01 5.14647879e-01 6.54734541e-01
 5.36066321e-01 1.95529927e-01 7.71924004e-01]
2026-04-28 23:51:06,888 - pyswarms.single.global_best - INFO - Optimize for 1 iters with {'c1': 1.49445, 'c2': 1.49445, 'w': 0.729}
2026-04-28 23:51:07,392 - pyswarms.single.global_best - INFO - Optimization finished | best cost: 0.023333333333333206, best pos: [9.76271530e+00 6.41730743e+02 1.54612599e+02 2.68577733e+02
 6.45737398e+01 1.82413972e+02 4.87841695e+02 3.44856447e+02
 2.03962397e+02 1.46598499e+02 6.56071151e+02 5.58102421e+02
 8.42640328e+02 1.83252967e+02 8.47985475e+02 5.77911215e+02
 2.66223267e+02 2.73553213e+02 3.90380451e+02 4.60127271e+02
 8.25051765e+01 8.57799249e-01 2.09386962e-01 5.35113859e-01
 4.44671410e-01 5.61058376e-01 8.98734265e-01 9.90179506e-01
 1.18244235e-01 4.53915489e-01 8.35849478e-01]
2026-04-28 23:51:07,393 - pyswarms.single.global_best - INFO - Optimize for 1 iters with {'c1': 1.49445, 'c2': 1.49445, 'w': 0.729}
2026-04-28 23:51:07,922 - pyswarms.single.global_best - INFO - Optimization finished | best cost: 0.023333333333333206, best pos: [2.42090249e+00 6.81685509e+02 2.52458755e+02 2.27215322e+02
 1.81331367e+02 7.51142898e+02 4.02779852e+02 4.51876170e+02
 4.24595884e+02 4.04038595e+01 6.82540436e+02 6.62394124e+02
 6.94206565e+02 8.62032431e+02 8.56724950e+02 5.67153320e+02
 2.86016221e+02 2.39213883e+02 3.12104996e+02 4.46372126e+02
 1.52037926e+02 7.59723097e-01 6.63001063e-01 4.51058444e-01
 8.87942424e-01 2.55532239e-01 1.21144668e-01 5.69105609e-01
 4.90290955e-01 8.15990610e-01 8.19649581e-01]
2026-04-28 23:51:07,923 - pyswarms.single.global_best - INFO - Optimize for 1 iters with {'c1': 1.49445, 'c2': 1.49445, 'w': 0.729}
2026-04-28 23:51:08,480 - pyswarms.single.global_best - INFO - Optimization finished | best cost: 0.023333333333333206, best pos: [4.97885598e+00 4.55408168e+02 6.98728099e+02 6.78848051e+01
 3.85636022e+02 2.95710841e+02 1.69943479e+01 1.95972742e+02
 3.95883626e+02 1.97428789e+02 6.02398358e+02 4.48652662e+02
 3.94813908e+01 2.75040337e+02 1.94768684e+01 3.58135244e+02
 2.59110092e+02 6.88186813e+02 3.07406995e+02 3.75158727e+02
 7.25333959e+02 5.32825908e-01 6.00808941e-01 8.57211997e-01
 2.86199475e-01 9.90266976e-01 9.10094583e-01 3.57897546e-01
 9.03644576e-01 7.78560542e-01 9.37680825e-01]
2026-04-28 23:51:08,480 - pyswarms.single.global_best - INFO - Optimize for 1 iters with {'c1': 1.49445, 'c2': 1.49445, 'w': 0.729}
2026-04-28 23:51:08,988 - pyswarms.single.global_best - INFO - Optimization finished | best cost: 0.023333333333333206, best pos: [4.20821893e+00 8.00423463e+02 6.19446772e+02 9.32253932e+01
 6.26753275e+02 9.72134484e+02 8.08571599e+02 6.19951034e+02
 6.27821920e+02 6.63813021e+02 8.86235219e+02 4.92884622e+02
 7.40562275e+02 8.22488444e+02 4.60721531e+02 9.85726541e+02
 5.79214801e+02 9.08385844e+02 6.37149836e+02 5.00143255e+02
 4.62312592e+02 8.87548473e-01 7.55544893e-01 9.99544739e-01
 4.73836993e-01 3.89979778e-01 2.63649152e-01 3.79205110e-01
 2.87448024e-01 9.62976908e-01 5.44814039e-01]
2026-04-28 23:51:08,989 - pyswarms.single.global_best - INFO - Optimize for 1 iters with {'c1': 1.49445, 'c2': 1.49445, 'w': 0.729}
2026-04-28 23:51:09,523 - pyswarms.single.global_best - INFO - Optimization finished | best cost: 0.023333333333333206, best pos: [4.53023228e+00 6.90311180e+02 8.32111945e+02 4.89354274e+02
 3.75972125e+02 5.71762628e+02 2.12108769e+02 3.80639450e+02
 1.05074642e+02 1.24389327e+02 3.51002703e+02 6.23392359e+02
 7.51409045e+02 8.46026374e+01 5.09065962e+02 1.79595032e+02
 6.75770734e+02 2.76471069e+02 6.29746581e+02 5.02151440e+02
 5.08104123e+02 3.41398275e-01 9.60063461e-01 3.09313274e-01
 5.27017503e-01 6.26503024e-01 5.23001338e-01 4.92842017e-01
 7.23206603e-01 3.13599048e-01 3.17689155e-01]
2026-04-28 23:51:09,523 - pyswarms.single.global_best - INFO - Optimize for 1 iters with {'c1': 1.49445, 'c2': 1.49445, 'w': 0.729}
2026-04-28 23:51:10,085 - pyswarms.single.global_best - INFO - Optimization finished | best cost: 0.023333333333333206, best pos: [4.16737289e+00 3.97732018e+02 4.41005657e+02 6.18806345e+02
 8.99502770e+02 3.30348079e+02 8.49984551e+02 9.34790116e+01
 4.18747948e+01 5.04045233e+02 5.96623174e+01 3.92489862e+02
 8.96778127e+02 2.41483112e+02 7.05975805e+02 3.02365462e+02
 4.49201508e+01 5.56690626e+02 8.34853507e+02 4.09468507e+02
 6.17293865e+02 9.10021238e-01 8.10725061e-01 2.74488759e-01
 7.60045563e-01 5.51703723e-01 7.71370127e-01 5.45063995e-01
 2.15162348e-01 6.12918502e-01 5.42920593e-01]
2026-04-28 23:51:10,085 - pyswarms.single.global_best - INFO - Optimize for 1 iters with {'c1': 1.49445, 'c2': 1.49445, 'w': 0.729}
2026-04-28 23:51:10,574 - pyswarms.single.global_best - INFO - Optimization finished | best cost: 0.023333333333333206, best pos: [5.05889855e+00 4.39417527e+02 7.53665470e+02 6.36711736e+02
 6.91613679e+01 5.23034220e+02 4.01272634e+02 7.90051764e+02
 3.03642089e+02 7.02095578e+02 4.30326590e+02 9.75795420e+02
 3.61950467e+02 8.05199728e+02 9.09431831e+02 8.76304562e+02
 8.06013146e+02 9.68735902e+02 3.00375875e+02 1.51512653e+02
 7.38720174e+02 1.73406334e-01 4.43224788e-01 9.38158110e-01
 2.00883072e-01 1.84502914e-01 6.00666336e-01 2.73634300e-01
 8.24820401e-01 3.09013531e-01 3.63149382e-01]
2026-04-28 23:51:10,574 - pyswarms.single.global_best - INFO - Optimize for 1 iters with {'c1': 1.49445, 'c2': 1.49445, 'w': 0.729}
2026-04-28 23:51:11,098 - pyswarms.single.global_best - INFO - Optimization finished | best cost: 0.023333333333333206, best pos: [5.05517990e+00 7.13914770e+02 6.51548462e+02 1.68246299e+02
 3.18999344e+02 5.29673528e+02 8.46510286e+02 9.54860080e+02
 2.05867313e+01 3.52558320e+02 6.68143958e+02 5.27729480e+02
 9.43022122e+02 1.69695328e+01 4.37739455e+02 6.68803881e+02
 2.17583792e+02 7.25871414e+02 8.12287201e+01 4.51038584e+02
 6.76234989e+02 3.40081415e-01 1.66461776e-01 9.61319449e-01
 9.22440726e-01 9.33732920e-01 9.80652145e-01 2.66228249e-01
 2.41998398e-01 1.30793128e-01 9.02640509e-01]
2026-04-28 23:51:16,722 - pyswarms.single.global_best - INFO - Optimize for 1 iters with {'c1': 1.49445, 'c2': 1.49445, 'w': 0.729}
2026-04-28 23:51:17,254 - pyswarms.single.global_best - INFO - Optimization finished | best cost: 0.025925925925925797, best pos: [2.93023071e+00 7.18056538e+02 1.45210146e+02 9.37839661e+02
 3.14037749e+02 7.95432381e+02 5.21417026e+02 9.10871575e+01
 5.82586896e+02 9.12177746e+02 1.57234489e+02 3.21307017e+02
 4.39158727e+02 2.75053136e+02 9.43779480e+02 3.77500327e+02
 6.58062093e+02 2.23916842e+02 2.19706016e+02 1.75849418e+02
 4.34812320e+02 5.79572382e-01 1.09673349e-01 8.49631085e-01
 5.61478503e-01 2.41488931e-01 1.60563981e-01 1.56879367e-01
 3.31879138e-01 5.49362933e-01 8.74215582e-01]
2026-04-28 23:51:17,254 - pyswarms.single.global_best - INFO - Optimize for 1 iters with {'c1': 1.49445, 'c2': 1.49445, 'w': 0.729}
2026-04-28 23:51:17,739 - pyswarms.single.global_best - INFO - Optimization finished | best cost: 0.025925925925925797, best pos: [3.68539589e+00 6.79582228e+02 7.37314658e+01 1.05905956e+01
 7.22365158e+02 8.29915494e+02 5.92486472e+02 1.98643564e+02
 4.75253130e+02 1.36404685e+00 9.18742611e+02 2.16911583e+02
 5.97391080e+02 3.01933825e+02 2.82654858e+02 4.44705071e+02
 6.66857656e+02 2.76805645e+02 6.01158558e+01 2.32738079e+02
 3.92005411e+02 9.12996245e-01 4.34443531e-01 2.77277954e-01
 2.66982462e-01 5.18190025e-01 7.94813477e-01 2.26261396e-01
 2.44308916e-01 8.05638497e-01 5.01868183e-01]
2026-04-28 23:51:17,739 - pyswarms.single.global_best - INFO - Optimize for 1 iters with {'c1': 1.49445, 'c2': 1.49445, 'w': 0.729}
2026-04-28 23:51:18,271 - pyswarms.single.global_best - INFO - Optimization finished | best cost: 0.019351851851851842, best pos: [3.51526147e+00 2.93794921e+02 6.09490538e+02 8.11343716e+02
 2.34075098e+02 4.09914509e+02 4.08400728e+02 7.72936756e+02
 2.40932282e+02 9.68758558e+02 5.10463862e+02 2.82066908e+02
 2.84284131e+02 1.83000849e+01 6.92430922e+02 7.75948325e+02
 3.24278697e+01 5.85934581e+02 7.81672690e+02 3.76240111e+02
 4.32741640e+02 4.25462410e-01 3.84085647e-01 5.42027551e-01
 2.49490594e-01 4.96618913e-01 9.47642612e-01 1.24661888e-01
 2.48269074e-01 7.99932152e-01 2.18851381e-01]
2026-04-28 23:51:18,271 - pyswarms.single.global_best - INFO - Optimize for 1 iters with {'c1': 1.49445, 'c2': 1.49445, 'w': 0.729}
2026-04-28 23:51:18,796 - pyswarms.single.global_best - INFO - Optimization finished | best cost: 0.019351851851851842, best pos: [2.58731337e+00 5.32853023e+02 8.68479072e+02 6.76121286e+02
 2.61153822e+02 7.25754595e+02 2.15142156e+02 2.32615491e+02
 9.60612762e+02 5.86557805e+02 7.21022416e+02 7.05872395e+02
 2.63819450e+02 5.05868048e+02 7.59841958e+02 6.65312416e+02
 2.53553408e+02 5.06471395e+02 6.48049137e+02 7.38334763e+02
 4.44720604e+02 5.71851903e-01 9.47826959e-01 5.61508774e-01
 7.98456295e-01 9.62072092e-01 1.29510090e-01 2.77453084e-01
 3.83834209e-01 6.51849608e-01 3.55753872e-01]
2026-04-28 23:51:18,796 - pyswarms.single.global_best - INFO - Optimize for 1 iters with {'c1': 1.49445, 'c2': 1.49445, 'w': 0.729}
2026-04-28 23:51:19,362 - pyswarms.single.global_best - INFO - Optimization finished | best cost: 0.019351851851851842, best pos: [8.88529367e+00 9.89183195e+02 8.77344748e+02 9.37031637e+02
 7.33767489e+02 6.14835446e+02 3.45129617e+01 1.56603086e+02
 9.95616028e+02 6.68806234e+02 5.13188633e+02 9.75289542e+02
 2.76087682e+02 5.52578791e+02 9.43657572e+02 5.09073776e+02
 3.07402548e+02 6.26123679e+02 2.45430245e+02 3.40105657e+01
 2.74042660e+02 7.58933144e-01 9.80663595e-01 3.48830743e-01
 7.94767913e-01 1.11967505e-01 8.44244283e-01 2.39893051e-01
 5.96962611e-01 1.20709834e-01 5.35094618e-01]
2026-04-28 23:51:19,362 - pyswarms.single.global_best - INFO - Optimize for 1 iters with {'c1': 1.49445, 'c2': 1.49445, 'w': 0.729}
2026-04-28 23:51:19,908 - pyswarms.single.global_best - INFO - Optimization finished | best cost: 0.019351851851851842, best pos: [9.17678345e+00 5.34314466e+02 1.34628294e+02 5.34262221e+01
 1.19860141e+02 4.71337293e+02 6.68465288e+02 6.41280111e+02
 1.44423172e+02 6.33488988e+02 4.04865684e+02 4.64743838e+02
 8.01430426e+02 3.32499439e+02 1.46999132e+02 8.73453146e+02
 2.12130655e+02 2.94029941e+02 7.06590088e+02 6.83550349e+02
 8.00400041e+02 2.65479977e-01 4.17051904e-01 2.13294915e-01
 5.86935232e-01 3.63313533e-01 7.20042077e-01 1.00309931e-01
 1.53714699e-01 4.89304270e-01 9.62365740e-01]
2026-04-28 23:51:19,908 - pyswarms.single.global_best - INFO - Optimize for 1 iters with {'c1': 1.49445, 'c2': 1.49445, 'w': 0.729}
2026-04-28 23:51:20,737 - pyswarms.single.global_best - INFO - Optimization finished | best cost: 0.019351851851851842, best pos: [4.64699827e+00 6.99443743e+02 5.38004831e+02 8.58449726e+02
 1.76470709e+02 2.65956719e+02 9.41076117e+02 4.44045303e+02
 7.89050964e+02 4.92167699e+02 4.71085710e+02 1.48116373e+02
 8.51199626e+02 7.83553727e+01 3.10261164e+02 6.73468104e+02
 5.07257600e+02 8.81378339e+02 3.92980489e+01 6.49407555e+02
 4.77465523e+02 2.38880641e-01 7.68926716e-01 4.70176170e-01
 5.78423714e-01 9.70539460e-01 5.37607073e-01 8.41035579e-01
 7.92619771e-01 6.96479132e-01 9.07130929e-01]
2026-04-28 23:51:20,739 - pyswarms.single.global_best - INFO - Optimize for 1 iters with {'c1': 1.49445, 'c2': 1.49445, 'w': 0.729}
2026-04-28 23:51:21,250 - pyswarms.single.global_best - INFO - Optimization finished | best cost: 0.019351851851851842, best pos: [3.99778965e+00 6.15489269e+02 7.87273238e+02 6.61485911e+02
 1.36089043e+02 8.06830473e+02 7.41958747e+02 6.60445586e+02
 5.51739673e+02 5.98886266e+02 2.89869682e+02 4.07663904e+02
 1.12634348e+02 7.94044290e+02 5.63345221e+02 2.64395058e+02
 6.20420092e+02 9.80009010e+02 3.76978395e+02 5.36436972e+02
 7.92648411e+02 7.51973302e-01 9.58712535e-01 8.23679227e-01
 7.12250617e-01 5.74379060e-01 3.42428182e-01 1.70982135e-01
 7.39419683e-01 6.38567085e-01 1.87416321e-01]
2026-04-28 23:51:21,250 - pyswarms.single.global_best - INFO - Optimize for 1 iters with {'c1': 1.49445, 'c2': 1.49445, 'w': 0.729}
2026-04-28 23:51:21,767 - pyswarms.single.global_best - INFO - Optimization finished | best cost: 0.019351851851851842, best pos: [3.18459724e+00 3.70968475e+02 8.80074860e+02 1.91033251e+02
 7.68657918e+02 7.19256115e+02 5.15231538e+02 1.34313370e+02
 1.90469509e+02 6.39391642e+02 1.92369352e+02 2.63178969e+02
 3.15884906e+01 6.39742906e+02 1.05520686e+02 7.68097269e+02
 5.25828078e+02 1.73804322e+02 8.31047854e+02 5.59918110e+02
 2.46180925e+02 6.73263204e-01 9.44804903e-01 9.37745274e-01
 5.08520549e-01 6.59756255e-01 5.60334426e-01 9.85566192e-01
 2.20852422e-01 5.52163070e-01 1.90844956e-01]
2026-04-28 23:51:21,767 - pyswarms.single.global_best - INFO - Optimize for 1 iters with {'c1': 1.49445, 'c2': 1.49445, 'w': 0.729}
2026-04-28 23:51:22,269 - pyswarms.single.global_best - INFO - Optimization finished | best cost: 0.005555555555555758, best pos: [2.72122720e+00 2.82124612e+02 8.49675120e+02 1.10692270e+01
 7.70134010e+01 3.63364192e+02 9.99395880e+02 2.91863977e+02
 1.57274703e+02 5.49422178e+02 5.19255070e+02 4.49619643e+02
 9.46653757e+02 2.80149443e+02 2.93324300e+02 1.40257057e+02
 6.97288048e+02 3.21369539e+02 8.02740313e+02 9.71757880e+02
 4.36853376e+01 9.93809701e-01 3.28693804e-01 4.78099322e-01
 7.99969019e-01 6.98798028e-01 8.00593229e-01 5.19698814e-01
 9.24460371e-01 8.10946725e-01 3.78305178e-01]
2026-04-28 23:51:28,088 - pyswarms.single.global_best - INFO - Optimize for 1 iters with {'c1': 1.49445, 'c2': 1.49445, 'w': 0.729}
2026-04-28 23:51:28,620 - pyswarms.single.global_best - INFO - Optimization finished | best cost: 0.04296296296296309, best pos: [4.69243670e+00 7.34010762e+02 5.57204494e+02 5.54268671e+02
 6.85487020e+02 3.33019058e+02 4.29232998e+02 5.82897910e+02
 4.21555678e+02 4.44257530e+02 2.72487146e+02 2.87385098e+02
 6.98957437e+02 4.28124160e+00 9.52905127e+01 9.48809895e+02
 1.87018163e+02 4.18120950e+02 8.49685151e+02 1.02472516e-01
 9.25179197e+02 1.48139762e-01 2.53782145e-01 1.26193189e-01
 5.67568042e-01 9.48784879e-01 8.55132950e-01 6.75773692e-01
 2.66939774e-01 8.82637389e-01 7.79297852e-01]
2026-04-28 23:51:28,620 - pyswarms.single.global_best - INFO - Optimize for 1 iters with {'c1': 1.49445, 'c2': 1.49445, 'w': 0.729}
2026-04-28 23:51:29,129 - pyswarms.single.global_best - INFO - Optimization finished | best cost: 0.03888888888888897, best pos: [5.37473959e+00 7.29439761e+02 6.77771967e+02 4.90139299e+02
 2.84335358e+02 3.67675266e+02 4.76602778e+02 5.36438749e+02
 3.80488822e+02 3.62870465e+02 1.35383511e+02 3.46310359e+02
 4.25187838e+02 3.71110816e+02 1.47504721e+02 7.74887995e+02
 3.73009118e+02 3.27545386e+02 8.36913223e+02 9.73936969e+02
 9.62980928e+02 2.66176165e-01 6.99022091e-01 2.32618106e-01
 1.88020002e-01 1.36248343e-01 6.85195419e-01 9.49270473e-01
 3.54209882e-01 4.24079576e-01 3.83772348e-01]
2026-04-28 23:51:29,129 - pyswarms.single.global_best - INFO - Optimize for 1 iters with {'c1': 1.49445, 'c2': 1.49445, 'w': 0.729}
2026-04-28 23:51:29,646 - pyswarms.single.global_best - INFO - Optimization finished | best cost: 0.024814814814814845, best pos: [4.88075444e+00 1.41820985e+02 5.23507289e+02 3.29635558e+02
 4.71396218e+02 9.96594992e+02 1.11579197e+02 5.61645476e+02
 4.28513939e+02 4.35337396e+02 1.70349213e+02 2.40387337e+02
 6.98597627e+02 2.74353251e+02 7.09277944e+01 9.92462409e+02
 3.39930694e+02 3.43897631e+02 1.19965745e+02 6.09366349e+02
 5.72328188e+01 6.06598138e-01 8.51515151e-01 3.91467470e-01
 4.12445060e-01 7.69095529e-01 1.10930241e-01 6.14806350e-01
 3.30322636e-01 1.30605838e-01 9.15906639e-01]
2026-04-28 23:51:29,647 - pyswarms.single.global_best - INFO - Optimize for 1 iters with {'c1': 1.49445, 'c2': 1.49445, 'w': 0.729}
2026-04-28 23:51:30,161 - pyswarms.single.global_best - INFO - Optimization finished | best cost: 0.0018518518518518823, best pos: [2.34594420e+00 3.73916090e+02 3.46244967e+02 2.44818423e+02
 6.54287370e+02 2.89990151e+02 6.06731598e+02 5.04336891e+02
 2.17189949e+02 2.66566130e+02 1.70600136e+02 5.66293092e+01
 6.19188501e+02 6.72788727e+02 1.66000077e+02 6.15392423e+02
 9.82084742e+02 7.44021875e+01 4.90370923e+02 7.33038240e+02
 4.60092932e+01 8.00446145e-01 9.81560113e-01 1.79639077e-01
 8.40006915e-01 4.40723390e-01 2.29704582e-01 5.43873888e-01
 1.64366862e-01 5.69891267e-01 1.17421109e-01]
2026-04-28 23:51:30,161 - pyswarms.single.global_best - INFO - Optimize for 1 iters with {'c1': 1.49445, 'c2': 1.49445, 'w': 0.729}
2026-04-28 23:51:30,688 - pyswarms.single.global_best - INFO - Optimization finished | best cost: 0.0018518518518518823, best pos: [3.86857448e+00 2.40031446e+02 7.29482628e+02 6.97936111e+02
 2.04527941e+02 3.75231592e+02 6.07822210e+02 1.63743976e+02
 8.35544115e+01 5.88568802e+02 4.95601665e+02 4.66032838e+02
 7.31151887e+02 2.03087306e+02 8.16405568e+02 9.35876663e+02
 2.86263126e+02 5.92505700e+02 9.62826797e+02 5.66458398e+02
 5.48447557e+02 2.83908365e-01 2.75986870e-01 7.93140441e-01
 1.73795849e-01 1.76897191e-01 1.43618063e-01 1.65958625e-01
 6.77378382e-01 9.68505378e-01 3.83167920e-01]
2026-04-28 23:51:30,688 - pyswarms.single.global_best - INFO - Optimize for 1 iters with {'c1': 1.49445, 'c2': 1.49445, 'w': 0.729}
2026-04-28 23:51:31,208 - pyswarms.single.global_best - INFO - Optimization finished | best cost: 0.0018518518518518823, best pos: [4.26130293e+00 2.65085519e+02 1.23009254e+02 2.47525595e+02
 2.10606050e+02 1.86825357e+02 7.36000946e+02 4.03003104e+02
 5.20375478e+02 9.97450059e+02 8.14464154e+02 4.04357260e+02
 6.88231915e+02 8.59142715e+02 1.75596281e+01 9.74624709e+02
 7.37720797e+01 6.15216058e+02 4.24383841e+02 3.34380973e+02
 3.53497144e+01 6.13340216e-01 7.34602957e-01 8.77152095e-01
 1.59852444e-01 7.71732610e-01 8.99249081e-01 7.06388473e-01
 1.68511589e-01 1.30339972e-01 7.46460303e-01]
2026-04-28 23:51:31,208 - pyswarms.single.global_best - INFO - Optimize for 1 iters with {'c1': 1.49445, 'c2': 1.49445, 'w': 0.729}
2026-04-28 23:51:31,771 - pyswarms.single.global_best - INFO - Optimization finished | best cost: 0.0018518518518518823, best pos: [9.84453970e+00 7.12841394e+02 2.13993504e+02 8.29811553e+02
 2.07365640e+02 6.47820101e+02 6.95737034e+02 5.20000548e+02
 9.26333164e+02 5.69606231e+02 4.87111998e+01 8.16496233e+02
 5.07517011e+01 7.66989389e+02 8.37698833e+02 9.74164400e+02
 8.51434253e+02 4.16101934e+02 1.39541433e+02 3.47599334e+02
 1.67349568e+02 4.50809867e-01 2.22411705e-01 4.47984506e-01
 7.91716464e-01 7.40846324e-01 5.59125714e-01 5.59316009e-01
 6.96222927e-01 1.66475480e-01 2.09845999e-01]
2026-04-28 23:51:31,772 - pyswarms.single.global_best - INFO - Optimize for 1 iters with {'c1': 1.49445, 'c2': 1.49445, 'w': 0.729}
2026-04-28 23:51:32,255 - pyswarms.single.global_best - INFO - Optimization finished | best cost: 0.0018518518518518823, best pos: [2.23485308e+00 4.04347221e+02 2.96435207e+02 9.19180774e+02
 9.96061358e+02 1.89401976e+02 4.11656133e+02 1.45739879e+02
 1.26767969e+01 8.54838043e+01 1.08970776e+02 7.78133128e+02
 6.37865210e+02 5.50160912e+02 1.44496254e+02 4.12838321e+01
 8.98041436e+02 2.83830155e+02 8.36167306e+02 7.21914215e+02
 9.17513968e+02 7.28491582e-01 7.17515781e-01 9.92041127e-01
 1.15173554e-01 2.87478353e-01 7.87788647e-01 5.06258789e-01
 2.20435374e-01 4.16766753e-01 8.71722120e-01]
2026-04-28 23:51:32,255 - pyswarms.single.global_best - INFO - Optimize for 1 iters with {'c1': 1.49445, 'c2': 1.49445, 'w': 0.729}
2026-04-28 23:51:32,867 - pyswarms.single.global_best - INFO - Optimization finished | best cost: 0.0018518518518518823, best pos: [4.25429296e+00 5.90138827e+02 8.85620276e+02 6.36977877e+02
 2.41526635e+02 8.63752864e+02 6.32045826e+02 2.18962203e+02
 3.61666601e+02 7.89964828e+02 7.38931208e+02 5.76582412e+02
 1.44767588e+02 8.03289317e+02 3.07542598e+02 7.71597962e+02
 6.47566401e+02 2.64170355e+02 2.12369307e+02 1.30910010e+02
 2.41946312e+02 2.42046120e-01 6.55346123e-01 6.38904807e-01
 6.27554854e-01 6.77700828e-01 8.33306081e-01 9.22197440e-01
 3.07337984e-01 6.28997041e-01 1.70502599e-01]
2026-04-28 23:51:32,867 - pyswarms.single.global_best - INFO - Optimize for 1 iters with {'c1': 1.49445, 'c2': 1.49445, 'w': 0.729}
2026-04-28 23:51:33,394 - pyswarms.single.global_best - INFO - Optimization finished | best cost: 0.0018518518518518823, best pos: [5.04281149e+00 4.08622197e+02 5.69646714e+02 2.39635611e+02
 5.09015144e+02 5.91400440e+02 8.86243137e+02 3.70747540e+02
 2.70698707e+02 2.92012802e+02 7.98657729e+01 9.35612238e+02
 4.54415668e+02 9.64695883e+02 2.30834151e+02 8.92833934e+02
 9.33157191e+02 9.54765006e+02 8.69282325e+02 1.22399756e+02
 1.40830572e+02 9.99719957e-01 1.00861535e-01 7.04044143e-01
 1.76772137e-01 8.37336727e-01 5.81083728e-01 3.17320396e-01
 3.92259772e-01 8.10430371e-01 8.42684921e-01]
2026-04-28 23:51:39,132 - pyswarms.single.global_best - INFO - Optimize for 1 iters with {'c1': 1.49445, 'c2': 1.49445, 'w': 0.729}
2026-04-28 23:51:39,649 - pyswarms.single.global_best - INFO - Optimization finished | best cost: 0.03259259259259262, best pos: [3.36156973e+00 7.21859681e+02 2.98480799e+02 2.22436231e+02
 2.14608582e+02 1.48401018e+02 4.26815713e+02 2.60948649e+02
 8.93865486e+02 6.89139668e+02 7.43862070e+02 4.03610552e+02
 6.00209558e+02 5.00797891e+02 1.67451544e+02 4.78537903e+01
 6.83518486e+02 1.21172547e+02 5.73492475e+01 4.41867388e+02
 7.38026396e+02 7.91981595e-01 8.86122646e-01 2.79292620e-01
 9.87061954e-01 7.86888165e-01 2.41492011e-01 8.56649157e-01
 5.49063345e-01 1.59891731e-01 2.18837595e-01]
2026-04-28 23:51:39,649 - pyswarms.single.global_best - INFO - Optimize for 1 iters with {'c1': 1.49445, 'c2': 1.49445, 'w': 0.729}
2026-04-28 23:51:40,148 - pyswarms.single.global_best - INFO - Optimization finished | best cost: 0.016296296296296253, best pos: [3.85953535e+00 7.22324735e+02 2.99011903e+02 2.22974447e+02
 2.14967967e+02 1.48706693e+02 4.27478580e+02 2.61311143e+02
 8.94022820e+02 6.89519916e+02 7.43887164e+02 4.04137851e+02
 6.00302129e+02 5.00879338e+02 1.68141437e+02 4.84169841e+01
 6.83820459e+02 1.21347198e+02 5.79641520e+01 4.42573486e+02
 7.38396986e+02 3.14857052e-01 1.63308641e-01 7.08856063e-01
 3.79097630e-01 5.03314891e-01 5.16407403e-01 4.29609157e-01
 6.97390069e-01 2.25992229e-01 2.48256550e-01]
2026-04-28 23:51:40,148 - pyswarms.single.global_best - INFO - Optimize for 1 iters with {'c1': 1.49445, 'c2': 1.49445, 'w': 0.729}
2026-04-28 23:51:40,653 - pyswarms.single.global_best - INFO - Optimization finished | best cost: 0.016296296296296253, best pos: [3.70868098e+00 7.34078940e+02 1.82205972e+02 2.30413335e+02
 6.45900016e+01 9.99294968e+01 3.55591689e+02 2.99106595e+02
 6.57198591e+01 8.67525283e+02 7.40833219e+02 6.59251143e+02
 2.27599055e+02 4.20946754e+02 2.31054712e+01 5.86776039e+02
 7.17517051e+02 8.61172433e+02 6.80418736e+02 8.78264142e+02
 1.05256656e+02 7.84659360e-01 2.10835933e-01 7.35581002e-01
 5.94459212e-01 1.00953681e-01 3.51056982e-01 5.94350833e-01
 7.37606114e-01 9.80318469e-01 4.80428783e-01]
2026-04-28 23:51:40,654 - pyswarms.single.global_best - INFO - Optimize for 1 iters with {'c1': 1.49445, 'c2': 1.49445, 'w': 0.729}
2026-04-28 23:51:41,157 - pyswarms.single.global_best - INFO - Optimization finished | best cost: 0.016296296296296253, best pos: [4.08576305e+00 7.22689021e+02 2.99303764e+02 2.23414391e+02
 2.15143613e+02 1.48979584e+02 4.27961413e+02 2.61488127e+02
 8.94213810e+02 6.89863282e+02 7.43903861e+02 4.04759892e+02
 6.00347895e+02 5.00909832e+02 1.68888250e+02 4.86768230e+01
 6.83988488e+02 1.21489156e+02 5.86286757e+01 4.42728930e+02
 7.38676753e+02 7.63261456e-01 2.48009581e-01 8.83431287e-01
 4.87510266e-01 6.11337142e-01 8.49483973e-01 6.44801441e-01
 7.24508399e-01 2.70548086e-01 2.62398727e-01]
2026-04-28 23:51:41,157 - pyswarms.single.global_best - INFO - Optimize for 1 iters with {'c1': 1.49445, 'c2': 1.49445, 'w': 0.729}
2026-04-28 23:51:41,645 - pyswarms.single.global_best - INFO - Optimization finished | best cost: 0.016296296296296253, best pos: [4.05016010e+00 1.31965762e+02 2.76540911e+00 2.45373887e+02
 7.59611257e+02 1.32740775e+02 3.97457273e+02 3.62351916e+02
 9.25048821e+02 2.85033656e+02 6.38586612e+02 2.38994905e+02
 5.66803744e+02 5.47462885e+02 9.33333045e+02 7.32950159e+02
 6.24545887e+02 1.21194143e+01 6.76805186e+01 2.52560117e+02
 7.02608811e+02 9.65889132e-01 8.41634336e-01 6.36823735e-01
 8.44048941e-01 5.08119741e-01 5.58094298e-01 7.11188966e-01
 6.82768901e-01 7.17624172e-01 1.89627387e-01]
2026-04-28 23:51:41,646 - pyswarms.single.global_best - INFO - Optimize for 1 iters with {'c1': 1.49445, 'c2': 1.49445, 'w': 0.729}
2026-04-28 23:51:42,141 - pyswarms.single.global_best - INFO - Optimization finished | best cost: 0.013703703703703551, best pos: [2.22822807e+00 1.47206071e+02 6.67007924e+02 4.94021806e+02
 7.52252281e+02 1.91730418e+02 3.66963105e+02 8.88497560e+02
 9.35714552e+02 9.21729163e+02 8.18305062e+02 6.88235910e+02
 9.13677903e+02 7.14181620e+02 9.53936253e+02 2.47884296e+01
 9.21642094e+02 5.55740581e+02 1.11797841e+02 2.14911348e+02
 8.52159299e+02 5.55505259e-01 9.84535951e-01 2.05777999e-01
 4.71253118e-01 3.98686999e-01 5.64521892e-01 6.70094037e-01
 6.95466522e-01 1.01166292e-01 1.80064390e-01]
2026-04-28 23:51:42,141 - pyswarms.single.global_best - INFO - Optimize for 1 iters with {'c1': 1.49445, 'c2': 1.49445, 'w': 0.729}
2026-04-28 23:51:42,634 - pyswarms.single.global_best - INFO - Optimization finished | best cost: 0.011481481481481537, best pos: [9.20499258e+00 9.99186565e+02 8.16522568e+02 4.12596152e+02
 3.53933621e+02 7.74682590e+02 5.09945158e+02 9.39457856e+02
 2.79579717e+02 3.23818054e+02 9.98824911e+02 9.78174766e+02
 8.85191767e+02 4.04628747e+02 8.37612751e+02 2.83393275e+02
 2.54754745e+02 5.46437704e+02 8.60262907e+02 9.74732993e+01
 5.65305931e+02 6.48764521e-01 6.21817985e-01 2.96647547e-01
 1.57716230e-01 9.05492690e-01 6.17061165e-01 7.91113990e-01
 4.27993301e-01 1.38252043e-01 3.33608778e-01]
2026-04-28 23:51:42,634 - pyswarms.single.global_best - INFO - Optimize for 1 iters with {'c1': 1.49445, 'c2': 1.49445, 'w': 0.729}
2026-04-28 23:51:43,118 - pyswarms.single.global_best - INFO - Optimization finished | best cost: 0.011481481481481537, best pos: [4.57105214e+00 2.69448482e+02 5.05141558e+01 2.68509817e+01
 6.66414557e+02 2.61924370e+02 1.09463241e+02 7.01393810e+02
 2.14317578e+02 9.66084359e+02 6.05467765e+02 8.43113806e+02
 1.59971246e+02 7.27368867e+02 9.28473116e+02 5.06597582e+02
 4.08644912e+02 6.39417694e+02 2.33683391e+02 8.50701551e+02
 6.06766360e+02 8.53206259e-01 2.05964715e-01 5.41481916e-01
 6.86578423e-01 2.93808116e-01 6.91021626e-01 3.57100591e-01
 3.55461406e-01 5.42745428e-01 6.17028393e-01]
2026-04-28 23:51:43,119 - pyswarms.single.global_best - INFO - Optimize for 1 iters with {'c1': 1.49445, 'c2': 1.49445, 'w': 0.729}
2026-04-28 23:51:43,622 - pyswarms.single.global_best - INFO - Optimization finished | best cost: 0.011481481481481537, best pos: [2.91351473e+00 7.94511807e+02 5.41527740e+01 5.44596112e+02
 5.77161031e+02 9.27924985e+02 1.91374341e+02 7.83904011e+02
 4.45599567e+02 8.04707612e+02 9.47472975e+02 2.63206754e+01
 6.50090808e+01 9.48560444e+02 7.74229696e+02 2.46867215e+02
 3.08786484e+02 2.20401542e+02 1.63553138e+01 9.74422491e+02
 6.60245460e+01 9.99091310e-01 7.31708799e-01 3.40013691e-01
 2.31611226e-01 4.13303669e-01 4.87666790e-01 6.71438192e-01
 5.25981185e-01 1.62534625e-01 5.79170320e-01]
2026-04-28 23:51:43,622 - pyswarms.single.global_best - INFO - Optimize for 1 iters with {'c1': 1.49445, 'c2': 1.49445, 'w': 0.729}
2026-04-28 23:51:44,109 - pyswarms.single.global_best - INFO - Optimization finished | best cost: 0.011481481481481537, best pos: [5.39974009e+00 4.49051241e+01 3.27733872e+02 8.87025719e+02
 9.00191129e+01 9.48516515e+02 8.56671790e+02 8.31781173e+02
 8.63658525e+02 8.00503572e+01 1.51168179e+02 1.34372513e+02
 1.11241900e+02 3.27711287e+02 8.30216900e+02 2.51962218e+02
 2.44221755e+02 6.75888790e+02 9.69251924e+01 3.60280056e+02
 2.95426377e+02 8.62570778e-01 5.63051150e-01 6.81826208e-01
 2.16130904e-01 9.36026435e-01 3.90206939e-01 7.36154954e-01
 9.59163562e-01 5.57783975e-01 5.56781733e-01]
2026-04-28 23:51:50,279 - pyswarms.single.global_best - INFO - Optimize for 1 iters with {'c1': 1.49445, 'c2': 1.49445, 'w': 0.729}
2026-04-28 23:52:19,553 - pyswarms.single.global_best - INFO - Optimization finished | best cost: 0.014351851851851949, best pos: [5.99267753e+00 2.52202848e+02 4.30476407e+00 5.95945817e+00
 4.84607312e+00 4.11509958e+02 1.26652571e+00 8.94424107e+00
 3.19523730e+00 3.61169325e+02 4.64535655e+00 4.35466372e+00
 6.53812636e+00 3.84673325e+02 5.04942808e+00 5.73243074e+00
 1.52970836e+00 4.62073994e+02 8.62207027e+00 5.18394230e+00
 7.88455552e+00 1.57326309e+02 7.57379614e+00 6.13353373e+00
 5.14690050e+00 2.92049756e+01 9.68879730e+00 8.69927176e+00
 8.14049261e+00 1.53153183e+02 3.60631166e+00 6.58554477e+00
 8.61600877e+00 4.67379575e+02 3.42036123e+00 6.85931840e+00
 7.51512520e+00 1.13969680e+02 4.66721767e+00 3.49979419e+00
 7.29014570e+00 8.77406623e-01 8.89780919e-01 7.03079983e-01
 4.12437124e-01 6.94936339e-01 8.77840054e-01 6.63270251e-01
 4.71602746e-01 9.27822476e-01 8.51694934e-01]
2026-04-28 23:52:19,553 - pyswarms.single.global_best - INFO - Optimize for 1 iters with {'c1': 1.49445, 'c2': 1.49445, 'w': 0.729}
2026-04-28 23:52:45,319 - pyswarms.single.global_best - INFO - Optimization finished | best cost: 0.012499999999999956, best pos: [6.27409067e+00 2.50188305e+02 5.52712404e+00 5.51797051e+00
 4.52614674e+00 4.01352791e+02 1.12401977e+00 4.57621001e+00
 5.11118338e+00 3.73048192e+02 5.97747134e+00 6.40926885e+00
 6.74511321e+00 2.54513517e+02 5.02156815e+00 4.48490852e+00
 7.74799850e+00 6.06250421e+01 7.90212609e+00 3.90826667e+00
 7.89976064e+00 2.30621465e+02 1.00605624e+00 8.20482642e+00
 6.15072192e+00 1.89052779e+02 1.10555524e+00 7.64917262e+00
 5.57363129e+00 2.40919704e+02 1.85775519e+00 7.15243168e+00
 8.62794282e+00 5.72964244e+01 6.23543995e+00 7.21062297e+00
 8.21605683e+00 9.88277209e+01 7.65869039e+00 6.12492331e+00
 5.77816156e+00 5.46430209e-01 1.25597309e-01 8.80091463e-01
 7.84902484e-01 8.76234585e-01 7.74392966e-01 8.70937118e-01
 9.99785582e-01 8.33733493e-01 2.23779894e-01]
2026-04-28 23:52:45,319 - pyswarms.single.global_best - INFO - Optimize for 1 iters with {'c1': 1.49445, 'c2': 1.49445, 'w': 0.729}
2026-04-28 23:53:17,745 - pyswarms.single.global_best - INFO - Optimization finished | best cost: 0.012499999999999956, best pos: [6.20385609e+00 2.22636447e+02 5.79659192e+00 6.05839398e+00
 4.44842423e+00 4.42439675e+02 1.94993170e+00 8.38294257e+00
 3.02053560e+00 2.25938103e+01 8.17003332e+00 3.57457245e+00
 7.05251779e+00 3.26663013e+02 6.13037960e+00 5.91872761e+00
 6.12076000e+00 2.03379948e+02 2.84400268e+00 8.40013273e+00
 8.05950735e+00 4.66072369e+02 2.72700414e+00 6.05325574e+00
 3.29464673e+00 4.66033391e+02 6.66944643e+00 8.62810066e+00
 7.91456816e+00 2.90103208e+02 9.44311628e+00 8.65490594e+00
 8.72897822e+00 2.80147912e+02 5.06141366e+00 6.39181511e+00
 8.75665236e+00 8.33824518e+01 9.48466736e+00 5.21490502e+00
 9.36072712e+00 3.31469487e-01 8.36771002e-01 9.92259839e-01
 8.95073793e-01 1.14241455e-01 2.72514214e-01 4.26709418e-01
 6.10050672e-01 7.18152360e-01 5.03191045e-01]
2026-04-28 23:53:17,746 - pyswarms.single.global_best - INFO - Optimize for 1 iters with {'c1': 1.49445, 'c2': 1.49445, 'w': 0.729}
2026-04-28 23:53:46,394 - pyswarms.single.global_best - INFO - Optimization finished | best cost: 0.002777777777777879, best pos: [3.60416832e+00 4.52346953e+02 8.62765929e+00 2.63750538e+00
 8.58740281e+00 2.81450283e+02 8.88235737e+00 9.34440376e+00
 5.98166458e+00 4.26508966e+00 7.88912799e+00 3.48226160e+00
 1.32868185e+00 3.80637178e+02 7.91921073e+00 8.80357146e+00
 9.74556009e+00 3.80626028e+02 9.66810448e+00 3.93697834e+00
 2.77015754e+00 3.98922185e+01 5.91588954e+00 4.10052801e+00
 6.26908826e+00 3.11457106e+02 8.51049947e+00 3.65641846e+00
 8.49257921e+00 4.56760953e+02 3.45632176e+00 3.66997093e+00
 8.94098567e+00 2.40148153e+01 1.95044725e+00 4.29633993e+00
 5.18628166e+00 4.35953625e+02 5.77939254e+00 4.81556112e+00
 8.76510556e+00 6.79805341e-01 1.47367354e-01 8.48056221e-01
 1.83568312e-01 9.16765094e-01 3.52672682e-01 3.70847399e-01
 8.15271339e-01 4.19253800e-01 2.02295154e-01]
2026-04-28 23:53:46,394 - pyswarms.single.global_best - INFO - Optimize for 1 iters with {'c1': 1.49445, 'c2': 1.49445, 'w': 0.729}
2026-04-28 23:54:14,495 - pyswarms.single.global_best - INFO - Optimization finished | best cost: 0.002777777777777879, best pos: [3.80486823e+00 4.42627202e+02 6.21395057e+00 6.79140974e+00
 3.90580089e+00 2.97889446e+02 5.28101379e+00 5.69841700e+00
 1.90142282e+00 3.92344429e+02 9.89780953e+00 6.03923403e+00
 1.72852005e+00 4.82490400e+02 9.96800650e+00 3.81525103e+00
 8.27008135e+00 1.13450652e+02 8.28470631e+00 8.93730668e+00
 9.31301552e+00 3.65794570e+02 8.99915594e+00 6.91516981e+00
 7.33891939e+00 4.78535750e+02 3.15592482e+00 5.05843836e+00
 1.68782266e+00 8.50433207e+01 7.75158825e+00 2.70464312e+00
 5.65410730e+00 1.62142310e+02 3.27548574e+00 6.65105326e+00
 4.50175602e+00 4.37590622e+02 3.53946921e+00 7.72996401e+00
 1.26279571e+00 6.56389836e-01 8.67405253e-01 9.65461195e-01
 1.03538230e-01 8.38419465e-01 9.14771425e-01 7.66227814e-01
 2.33755975e-01 2.18328109e-01 8.29203902e-01]
2026-04-28 23:54:14,495 - pyswarms.single.global_best - INFO - Optimize for 1 iters with {'c1': 1.49445, 'c2': 1.49445, 'w': 0.729}
2026-04-28 23:54:43,178 - pyswarms.single.global_best - INFO - Optimization finished | best cost: 0.0018518518518518823, best pos: [3.84149324e+00 2.15887046e+02 3.88248295e+00 9.29068198e+00
 5.58872217e+00 3.70871086e+02 6.42683910e+00 2.97962860e+00
 3.37115276e+00 8.65948511e+01 9.46057124e+00 3.27828442e+00
 4.00518076e+00 1.08667719e+02 8.48209445e+00 9.95731883e+00
 4.17517566e+00 1.18401818e+02 9.27625206e+00 6.05998473e+00
 7.62009186e+00 4.56413964e+02 1.98617152e+00 7.38974713e+00
 4.51630558e+00 1.74983753e+02 9.25747011e+00 2.75101250e+00
 1.75628708e+00 2.72148072e+02 9.29332979e+00 9.01753296e+00
 2.10241647e+00 2.34149419e+02 3.01724471e+00 9.20452300e+00
 3.76252613e+00 7.87219443e+00 6.89281887e+00 8.99266816e+00
 9.16301151e+00 1.89935163e-01 9.28874613e-01 6.19100009e-01
 7.88194724e-01 6.42181834e-01 8.48966620e-01 5.48204972e-01
 5.40034713e-01 4.90419911e-01 4.80608023e-01]
2026-04-28 23:54:43,178 - pyswarms.single.global_best - INFO - Optimize for 1 iters with {'c1': 1.49445, 'c2': 1.49445, 'w': 0.729}
2026-04-28 23:55:11,424 - pyswarms.single.global_best - INFO - Optimization finished | best cost: 0.0018518518518518823, best pos: [2.04008351e+00 4.97728321e+02 5.53132038e+00 7.15147736e+00
 5.83356887e+00 3.99502886e+02 8.80355889e+00 6.31319174e+00
 1.70358465e+00 2.84387320e+01 5.61081598e+00 2.90980444e+00
 5.72425825e+00 4.52663002e+02 1.35016327e+00 3.48774583e+00
 7.55837298e+00 4.42044141e+02 9.01325164e+00 4.57661681e+00
 4.46466754e+00 1.77199366e+02 9.58465151e+00 7.65403364e+00
 2.57278320e+00 1.26530112e+02 6.74773687e+00 6.44153558e+00
 8.53089322e+00 2.13156882e+02 5.60399391e+00 8.18932113e+00
 9.25055845e+00 1.96163323e+02 5.08105291e+00 7.81473021e+00
 1.27289902e+00 8.83327917e+01 1.38565246e+00 7.81490084e+00
 2.92704461e+00 4.93277724e-01 7.36807827e-01 5.40160647e-01
 6.49340992e-01 7.53995682e-01 9.86578291e-01 7.51024065e-01
 8.42373093e-01 4.69041812e-01 1.41503045e-01]
2026-04-28 23:55:11,424 - pyswarms.single.global_best - INFO - Optimize for 1 iters with {'c1': 1.49445, 'c2': 1.49445, 'w': 0.729}
2026-04-28 23:55:37,105 - pyswarms.single.global_best - INFO - Optimization finished | best cost: 0.0018518518518518823, best pos: [2.04938725e+00 3.10314663e+02 5.52828173e+00 5.60073362e+00
 3.55982251e+00 4.05775376e+02 1.16456062e+00 7.25918740e+00
 2.08344828e+00 8.51107249e+00 1.02565380e+00 3.02736293e+00
 7.06005542e+00 2.35335102e+02 9.66959867e+00 6.39268425e+00
 5.60980096e+00 3.09539845e+02 6.71224570e+00 3.82470859e+00
 4.44729361e+00 1.96066904e+02 8.76142729e+00 7.71808588e+00
 2.16260606e+00 2.01259255e+01 7.69497046e+00 7.77493070e+00
 3.24544767e+00 1.76227279e+02 6.47410836e+00 8.22033031e+00
 3.94408864e+00 2.16846527e+02 7.26627874e+00 7.04932190e+00
 8.82350904e+00 4.55241825e+02 5.16103777e+00 8.16231662e+00
 5.38144815e+00 2.63878082e-01 8.68281488e-01 5.53877257e-01
 5.89210392e-01 7.88338992e-01 3.70246733e-01 8.42405453e-01
 1.13092363e-01 4.74641216e-01 2.73285077e-01]
2026-04-28 23:55:37,105 - pyswarms.single.global_best - INFO - Optimize for 1 iters with {'c1': 1.49445, 'c2': 1.49445, 'w': 0.729}
2026-04-28 23:55:52,543 - pyswarms.single.global_best - INFO - Optimization finished | best cost: 0.0018518518518518823, best pos: [3.91909897e+00 6.65249900e+01 1.21769354e+00 5.11200059e+00
 4.27683482e+00 2.87217995e+02 9.84053303e+00 3.82013098e+00
 5.65467915e+00 3.76966228e+02 9.71702866e+00 7.87020615e+00
 2.59135209e+00 2.35218529e+01 8.58230991e+00 8.24205375e+00
 1.79237205e+00 4.64049646e+02 9.40560754e+00 3.77037803e+00
 4.33728222e+00 3.84971167e+02 2.37504459e+00 4.73796847e+00
 9.45248508e+00 3.01863509e+02 8.31368818e+00 2.15020446e+00
 6.13985204e+00 3.08739776e+02 7.53722944e+00 9.25181921e+00
 4.53288969e+00 2.43723254e+02 3.79305026e+00 3.43042651e+00
 3.32064252e+00 1.41794341e+02 9.38263590e+00 8.07514789e+00
 2.33337598e+00 5.38804168e-01 1.50297198e-01 7.71324138e-01
 7.21099305e-01 9.54117813e-01 4.24737968e-01 7.96127456e-01
 2.42277018e-01 9.54000327e-01 2.31382575e-01]
2026-04-28 23:55:52,543 - pyswarms.single.global_best - INFO - Optimize for 1 iters with {'c1': 1.49445, 'c2': 1.49445, 'w': 0.729}
2026-04-28 23:56:23,550 - pyswarms.single.global_best - INFO - Optimization finished | best cost: 0.0018518518518518823, best pos: [3.92381775e+00 2.54309511e+02 1.73070078e+00 2.76584339e+00
 3.86387034e+00 3.33039203e+02 9.37355476e+00 8.11370190e+00
 3.36303324e+00 4.58278371e+02 9.61260974e+00 8.68837797e+00
 3.48086650e+00 3.98921642e+02 3.70105398e+00 2.64646414e+00
 6.30431297e+00 4.80654782e+01 8.84303335e+00 2.88957640e+00
 9.34655458e+00 2.62131620e+01 1.86732552e+00 7.39830707e+00
 2.42074930e+00 1.77127595e+02 7.16164821e+00 2.98449459e+00
 1.52456356e+00 2.04960951e+02 2.30606461e+00 9.62733125e+00
 9.95819831e+00 3.40645173e+02 8.79399371e+00 5.06409621e+00
 3.43337209e+00 2.91039070e+02 8.98813803e+00 9.14825775e+00
 5.62162626e+00 6.73941370e-01 1.72240943e-01 9.21046219e-01
 7.74419392e-01 4.29163195e-01 6.35480087e-01 6.77380858e-01
 2.32247587e-01 5.09076221e-01 1.12879225e-01]
2026-04-28 23:56:29,577 - pyswarms.single.global_best - INFO - Optimize for 1 iters with {'c1': 1.49445, 'c2': 1.49445, 'w': 0.729}
2026-04-28 23:56:30,265 - pyswarms.single.global_best - INFO - Optimization finished | best cost: 0.02444444444444449, best pos: [4.19683746e+00 1.38616180e+02 6.67149752e+02 1.75270557e+02
 2.11495387e+02 2.78571113e+02 9.48487553e+02 6.79983629e+02
 9.27327613e+02 2.44899901e+02 6.15868535e+02 6.73293862e+02
 9.50583611e+02 4.66886844e+02 6.42842670e+02 8.77596472e+02
 1.41729744e+02 9.10751095e+02 3.28406490e+02 4.29229891e+02
 5.04571172e+02 7.45733029e-01 2.41769451e-01 7.16830187e-01
 1.85720847e-01 4.44694219e-01 6.56671003e-01 2.26444237e-01
 7.01002323e-01 9.58897631e-01 9.60957490e-01]
2026-04-28 23:56:30,266 - pyswarms.single.global_best - INFO - Optimize for 1 iters with {'c1': 1.49445, 'c2': 1.49445, 'w': 0.729}
2026-04-28 23:56:30,857 - pyswarms.single.global_best - INFO - Optimization finished | best cost: 0.014444444444444593, best pos: [4.84661539e+00 1.38783441e+02 6.67717523e+02 1.75288972e+02
 2.11627604e+02 2.78608694e+02 9.48784268e+02 6.80131630e+02
 9.27517321e+02 2.45268787e+02 6.16246396e+02 6.73449050e+02
 9.51203899e+02 4.67131465e+02 6.43118787e+02 8.78249780e+02
 1.42043517e+02 9.10908545e+02 3.28469116e+02 4.29715454e+02
 5.04710945e+02 4.26531880e-01 8.93083273e-01 1.87670658e-01
 6.11511623e-01 4.99243271e-01 2.37139518e-01 8.92233366e-01
 7.01568342e-01 2.16305918e-01 3.01530161e-01]
2026-04-28 23:56:30,858 - pyswarms.single.global_best - INFO - Optimize for 1 iters with {'c1': 1.49445, 'c2': 1.49445, 'w': 0.729}
2026-04-28 23:56:31,339 - pyswarms.single.global_best - INFO - Optimization finished | best cost: 0.014444444444444593, best pos: [5.32030350e+00 1.38905374e+02 6.68131428e+02 1.75302397e+02
 2.11723990e+02 2.78636091e+02 9.49000573e+02 6.80239522e+02
 9.27655618e+02 2.45537705e+02 6.16521858e+02 6.73562182e+02
 9.51656089e+02 4.67309794e+02 6.43320076e+02 8.78726042e+02
 1.42272257e+02 9.11023326e+02 3.28514771e+02 4.30069429e+02
 5.04812840e+02 8.49934243e-01 4.67891049e-01 4.58013362e-01
 9.21913098e-01 5.39009530e-01 5.87401065e-01 4.77593642e-01
 7.01980969e-01 3.31056560e-01 4.76907638e-01]
2026-04-28 23:56:31,339 - pyswarms.single.global_best - INFO - Optimize for 1 iters with {'c1': 1.49445, 'c2': 1.49445, 'w': 0.729}
2026-04-28 23:56:31,825 - pyswarms.single.global_best - INFO - Optimization finished | best cost: 0.014444444444444593, best pos: [4.98642998e+00 1.38961200e+02 6.67889720e+02 1.75298894e+02
 2.11764500e+02 2.78624230e+02 9.49030942e+02 6.80235163e+02
 9.27567564e+02 2.45584847e+02 6.16502879e+02 6.73596515e+02
 9.51676481e+02 4.67378644e+02 6.43268173e+02 8.78740737e+02
 1.42181237e+02 9.10958036e+02 3.28505904e+02 4.30251945e+02
 5.04825711e+02 1.14462203e-01 4.89659890e-01 4.62614075e-01
 9.83331328e-01 5.15799884e-01 5.98386400e-01 1.30183765e-01
 7.01673567e-01 3.74899352e-01 4.99818967e-01]
2026-04-28 23:56:31,825 - pyswarms.single.global_best - INFO - Optimize for 1 iters with {'c1': 1.49445, 'c2': 1.49445, 'w': 0.729}
2026-04-28 23:56:32,303 - pyswarms.single.global_best - INFO - Optimization finished | best cost: 0.014444444444444593, best pos: [4.85264030e+00 2.42588908e+02 5.96941654e+02 6.05467258e+02
 1.85234478e+02 8.27031863e+01 1.42612198e+02 6.16524292e+02
 4.10671012e+02 2.33176430e+02 9.85571196e+02 4.65004815e+02
 6.72552245e+02 3.27731789e+02 6.99063886e+02 4.96834419e+02
 4.02426566e+02 9.57619970e+02 9.39564633e+02 5.64293616e+02
 5.18967984e+02 5.59164942e-01 1.12790265e-01 2.73571335e-01
 5.09301602e-01 3.40059534e-01 3.65458639e-01 9.55962160e-01
 4.22951015e-01 1.29747326e-01 8.44326764e-01]
2026-04-28 23:56:32,304 - pyswarms.single.global_best - INFO - Optimize for 1 iters with {'c1': 1.49445, 'c2': 1.49445, 'w': 0.729}
2026-04-28 23:56:32,797 - pyswarms.single.global_best - INFO - Optimization finished | best cost: 0.014444444444444593, best pos: [5.68246425e+00 4.71126806e+02 6.22898048e+02 4.56869948e+02
 1.69855839e+01 3.56396137e+02 5.37740990e+02 2.44992147e+01
 2.63693201e+02 1.96718317e+02 9.45218297e+02 8.71878610e+02
 9.50013765e+02 1.63453790e+02 1.83589363e+02 8.93544699e+02
 1.58215292e+01 1.61521939e+02 3.22983450e+02 7.52087091e+02
 6.63409589e+02 7.14474872e-01 7.52729739e-01 1.44890753e-01
 6.51469372e-01 2.17514272e-01 4.94361789e-01 5.36415088e-01
 1.36218148e-01 9.65030661e-01 1.85061892e-01]
2026-04-28 23:56:32,798 - pyswarms.single.global_best - INFO - Optimize for 1 iters with {'c1': 1.49445, 'c2': 1.49445, 'w': 0.729}
2026-04-28 23:56:33,307 - pyswarms.single.global_best - INFO - Optimization finished | best cost: 0.014444444444444593, best pos: [4.82366190e+00 1.38616778e+02 6.67606513e+02 1.75285956e+02
 2.11666279e+02 2.78596793e+02 9.48691502e+02 6.80155487e+02
 9.27503304e+02 2.45085642e+02 6.15947222e+02 6.73382356e+02
 9.50474913e+02 4.67072566e+02 6.43032812e+02 8.77691234e+02
 1.41902007e+02 9.10850508e+02 3.28456596e+02 4.29235789e+02
 5.04653325e+02 6.73558245e-01 6.75188286e-01 1.01036517e-01
 4.26653064e-01 4.84192169e-01 9.98494641e-01 9.94131095e-01
 7.01376675e-01 1.15077596e-01 1.44197219e-01]
2026-04-28 23:56:33,307 - pyswarms.single.global_best - INFO - Optimize for 1 iters with {'c1': 1.49445, 'c2': 1.49445, 'w': 0.729}
2026-04-28 23:56:33,802 - pyswarms.single.global_best - INFO - Optimization finished | best cost: 0.014444444444444593, best pos: [5.04091105e+00 1.38632593e+02 6.67759587e+02 1.75283405e+02
 2.11549236e+02 2.78608024e+02 9.48591428e+02 6.80106806e+02
 9.27541917e+02 2.45179921e+02 6.15961033e+02 6.73431497e+02
 9.50769063e+02 4.67206028e+02 6.43031277e+02 8.78363077e+02
 1.41920534e+02 9.10901969e+02 3.28469515e+02 4.29852684e+02
 5.04747105e+02 2.60233659e-01 3.51184329e-01 9.94820215e-01
 6.07444108e-01 4.99876709e-01 4.24089357e-01 7.61058499e-01
 7.01674841e-01 1.61610403e-01 1.30079377e-01]
2026-04-28 23:56:33,802 - pyswarms.single.global_best - INFO - Optimize for 1 iters with {'c1': 1.49445, 'c2': 1.49445, 'w': 0.729}
2026-04-28 23:56:34,328 - pyswarms.single.global_best - INFO - Optimization finished | best cost: 0.014444444444444593, best pos: [5.48692207e+00 2.09143879e+01 4.38252136e+02 8.85837680e+02
 1.91917645e+02 2.09654195e+02 1.83621102e+02 1.55441815e+02
 6.46885276e+02 8.23781113e+02 5.74534488e+01 7.44494882e+02
 1.17916522e+02 5.37356011e+02 3.91174475e+02 7.59445034e+02
 4.25444810e+02 5.68174762e+02 1.01696386e+01 9.85875107e+02
 1.03581824e+02 4.47160331e-01 4.14172218e-01 6.63987232e-01
 2.24967494e-01 8.89601385e-01 3.76054522e-01 7.28386280e-01
 3.70658941e-01 2.49191619e-01 5.98972126e-01]
2026-04-28 23:56:34,329 - pyswarms.single.global_best - INFO - Optimize for 1 iters with {'c1': 1.49445, 'c2': 1.49445, 'w': 0.729}
2026-04-28 23:56:34,833 - pyswarms.single.global_best - INFO - Optimization finished | best cost: 0.014444444444444593, best pos: [8.04563899e+00 7.90272839e+01 8.49823361e+02 1.17088229e+02
 1.76329878e+02 7.58389371e+02 7.11211212e+02 9.61807384e+02
 7.73389775e+02 6.32411668e+02 3.86982128e+02 3.39212901e+02
 9.50446488e+02 6.59738575e+02 7.90422750e+02 2.79614838e+02
 3.87311100e+01 3.96249115e+01 9.46538607e+02 8.63973200e+02
 2.17957198e+02 2.30949855e-01 1.46791471e-01 8.69947633e-01
 5.16897904e-01 4.03233968e-01 6.48523489e-01 7.81399682e-01
 9.24049360e-01 7.33607114e-01 1.49921212e-01]
