Accuracy,Recall,Precision,F1-Score,n_clusters,run,base_classifiers
0.9824561403508771,0.9818990155604954,0.9818990155604954,0.9818990155604954,,run1,Simple
0.9298245614035088,0.9158974358974359,0.926991926991927,0.9210526315789473,,run2,Simple
0.9649122807017544,0.9557432432432433,0.9671052631578947,0.961025641025641,,run3,Simple
0.9649122807017544,0.9671052631578947,0.9557432432432433,0.961025641025641,,run4,Simple
0.9473684210526315,0.9387755102040816,0.9577464788732395,0.9453324808184143,,run5,Simple
0.9736842105263158,0.9692460317460317,0.9741062479117941,0.9715828832571667,,run6,Simple
0.9649122807017544,0.9632850241545894,0.9632850241545894,0.9632850241545894,,run7,Simple
0.9611528822055139,0.9559930748519674,0.9609824571275976,0.957886188202985,,Mean,
0.017439119252421136,0.02208913418937421,0.017539497931408236,0.019695099024318045,,Std,
