Accuracy,Recall,Precision,F1-Score,n_clusters,run,base_classifiers
0.9035087719298246,0.8583713583713584,0.9240033222591362,0.8816422840962718,4.0,run1,"[SVC(), SVC(), SVC(kernel='linear'), SVC()]"
0.8859649122807017,0.8744164332399627,0.9064189189189189,0.8811261730969759,4.0,run2,"[SVC(), SVC(), KNeighborsClassifier(), SVC(kernel='linear')]"
0.9649122807017544,0.9587662337662337,0.9672619047619048,0.9626596790042581,4.0,run3,"[KNeighborsClassifier(), KNeighborsClassifier(), SVC(), SVC(kernel='linear')]"
0.7807017543859649,0.7159090909090909,0.868421052631579,0.7258297258297257,4.0,run4,"[SVC(), SVC(), RandomForestClassifier(), SVC()]"
0.8508771929824561,0.8023255813953488,0.9034090909090908,0.8233524747060432,4.0,run5,"[SVC(), SVC(), SVC(), SVC()]"
0.8859649122807017,0.8142857142857143,0.9293478260869565,0.847953216374269,4.0,run6,"[SVC(kernel='linear'), SVC(kernel='linear'), GradientBoostingClassifier(), SVC()]"
0.9122807017543859,0.9253731343283582,0.9122807017543859,0.9116004962779156,4.0,run7,"[SVC(), SVC(kernel='linear'), SVC(), SVC()]"
0.8834586466165415,0.8499210780422953,0.9158775453317104,0.8620234356264943,4.0,Mean,
0.057009510390942875,0.08134917898867278,0.029993924553632274,0.07480808010579763,0.0,Std,
