Accuracy,Recall,Precision,F1-Score,n_clusters,run,base_classifiers
0.9736842105263158,0.9673913043478262,0.9788732394366197,0.9723547005092554,2.0,run1,"[SVC(), KNeighborsClassifier()]"
0.9649122807017544,0.9671497584541062,0.9606224198158145,0.9635549872122762,2.0,run2,"[SVC(), SVC(kernel='linear')]"
0.9649122807017544,0.9519230769230769,0.9665441176470588,0.9587703435804702,2.0,run3,"[SVC(), SVC(kernel='linear')]"
0.956140350877193,0.9510317720275139,0.9553571428571428,0.9531057178116,2.0,run4,"[SVC(), GradientBoostingClassifier()]"
0.5175438596491229,0.6014492753623188,0.725,0.4790195263813877,2.0,run5,"[SVC(), SVC()]"
0.9649122807017544,0.9523809523809523,0.9736842105263157,0.9614864864864865,2.0,run6,"[KNeighborsClassifier(), SVC(kernel='linear')]"
0.9649122807017544,0.9629870129870131,0.9629870129870131,0.9629870129870131,2.0,run7,"[SVC(), SVC(kernel='linear')]"
0.9010025062656641,0.9077590217832583,0.931866877609995,0.8930398249954985,2.0,Mean,
0.16916519676611733,0.13526096496611575,0.09156221929005683,0.18265724384539,0.0,Std,
