Accuracy,Recall,Precision,F1-Score,n_clusters,run,base_classifiers
0.8771929824561403,0.8178308178308178,0.9069662921348314,0.8449280994947532,5.0,run1,"[SVC(), SVC(), KNeighborsClassifier(), SVC(), KNeighborsClassifier()]"
0.9210526315789473,0.8977272727272727,0.9430379746835442,0.912836632401665,5.0,run2,"[SVC(), KNeighborsClassifier(), SVC(kernel='linear'), SVC(), SVC()]"
0.8947368421052632,0.8695652173913043,0.925,0.8844594594594595,5.0,run3,"[KNeighborsClassifier(), SVC(), KNeighborsClassifier(), KNeighborsClassifier(), SVC()]"
0.49122807017543857,0.6121323529411764,0.6266611295681064,0.4898148148148148,5.0,run4,"[KNeighborsClassifier(), SVC(), SVC(), KNeighborsClassifier(), KNeighborsClassifier()]"
0.8596491228070176,0.7908037908037908,0.895843287147635,0.8190476190476191,5.0,run5,"[KNeighborsClassifier(), SVC(), KNeighborsClassifier(), SVC(), RandomForestClassifier()]"
0.7982456140350878,0.6973684210526316,0.8838383838383839,0.7173045822102425,5.0,run6,"[SVC(), SVC(), SVC(kernel='linear'), KNeighborsClassifier(), SVC()]"
0.9385964912280702,0.9027777777777778,0.9588235294117646,0.9246814535158094,5.0,run7,"[SVC(), SVC(), KNeighborsClassifier(), KNeighborsClassifier(), KNeighborsClassifier()]"
0.825814536340852,0.7983150929321102,0.877167228112038,0.7990103801349091,5.0,Mean,
0.15439830587874803,0.1089061833753417,0.11352625980104629,0.15320946580297057,0.0,Std,
