Accuracy,Recall,Precision,F1-Score,n_clusters,run,base_classifiers
0.78,0.708955223880597,0.7692307692307692,0.7241379310344828,,run1,Simple
0.785,0.693730407523511,0.7328209764918626,0.7073934197543466,,run2,Simple
0.74,0.6693333333333333,0.774891774891775,0.6739811912225705,,run3,Simple
0.785,0.6661184210526316,0.7009616978942133,0.6788048552754434,,run4,Simple
0.775,0.6726273959794296,0.7680094356741063,0.6893874029335634,,run5,Simple
0.785,0.6163670766319773,0.7198672114402451,0.631833554518601,,run6,Simple
0.805,0.7201286764705883,0.8176919250538882,0.7417133017649591,,run7,Simple
0.7792857142857141,0.6781800764102953,0.7547819700966942,0.6924645223577094,,Mean,
0.019669894811736095,0.034215092043245,0.03946252998252389,0.03620617357002383,,Std,
