Accuracy,Recall,Precision,F1-Score,n_clusters,run,base_classifiers
0.6585365853658537,0.5926810978353247,0.6227049494989608,0.5913454585905779,,run1,Simple
0.6829268292682927,0.6299952345292396,0.6803967879074162,0.6280368124918219,,run2,Simple
0.6783536585365854,0.6238070195940946,0.6732984364563313,0.6211009249653034,,run3,Simple
0.6798780487804879,0.6254376759285596,0.6661858911888148,0.6254852706097282,,run4,Simple
0.6722560975609756,0.612869722945496,0.6673317140874393,0.6071823466008628,,run5,Simple
0.6661585365853658,0.6147613762486126,0.6663449163449163,0.6078257949864465,,run6,Simple
0.6737804878048781,0.6158029556650246,0.6548616600790513,0.6151754385964913,,run7,Simple
0.6731271777003486,0.616479297535193,0.6615891936518471,0.6137360066916046,,Mean,
0.00848092439427115,0.01224350600920008,0.018818427084393356,0.012767732386694468,,Std,
