Accuracy,Recall,Precision,F1-Score,n_clusters,run,base_classifiers
0.6280487804878049,0.564214397812503,0.6251430715827001,0.5345623727827857,,run1,Simple
0.6524390243902439,0.585500716772476,0.6428885738033541,0.5708727836116372,,run2,Simple
0.6570121951219512,0.593034941249227,0.6717598786905717,0.5729846233961609,,run3,Simple
0.6371951219512195,0.5583322708147392,0.6135907866842376,0.5328809583647482,,run4,Simple
0.6402439024390244,0.5732323232323233,0.6293310463121784,0.5528598990284084,,run5,Simple
0.6189024390243902,0.5689869513641755,0.6388395500296034,0.532513140941587,,run6,Simple
0.6463414634146342,0.5789657955904807,0.6382207241713906,0.5604385448075879,,run7,Simple
0.6400261324041813,0.5746096281194177,0.6371105187534337,0.5510160461332736,,Mean,
0.013417768348886404,0.012135408299820842,0.018235057578250256,0.017846820261303617,,Std,
