Accuracy,Recall,Precision,F1-Score,n_clusters,run,base_classifiers
1.0,1.0,1.0,1.0,8.0,run1,"[GaussianNB(), LogisticRegression(), SVC(kernel='linear'), SVC(kernel='linear'), GaussianNB(), GaussianNB(), SVC(), SVC()]"
1.0,1.0,1.0,1.0,8.0,run2,"[SVC(), GaussianNB(), SVC(), RandomForestClassifier(), SVC(), SVC(), SVC(), RandomForestClassifier()]"
0.9166666666666666,0.9249999999999999,0.9090909090909092,0.9142857142857143,8.0,run3,"[SVC(), RandomForestClassifier(), SVC(), SVC(), SVC(), GaussianNB(), SVC(), SVC()]"
0.8055555555555556,0.8030303030303031,0.8511904761904763,0.7901234567901234,8.0,run4,"[SVC(), SVC(), SVC(), GaussianNB(), LogisticRegression(), SVC(), SVC(), GaussianNB()]"
0.9722222222222222,0.9666666666666667,0.9803921568627452,0.9723551302498672,8.0,run5,"[GaussianNB(), SVC(), SVC(), GaussianNB(), GaussianNB(), SVC(), SVC(), GaussianNB()]"
0.9444444444444444,0.9649122807017544,0.9487179487179488,0.9537037037037037,8.0,run6,"[SVC(), SVC(), GaussianNB(), SVC(), SVC(), SVC(), SVC(), SVC()]"
0.9444444444444444,0.9444444444444445,0.9523809523809524,0.9440559440559441,12.0,run7,"[GaussianNB(), SVC(), SVC(), SVC(), SVC(), SVC(), GaussianNB(), SVC(), SVC(), SVC(), SVC(), SVC()]"
0.9404761904761906,0.9434362421204526,0.9488246347490046,0.9392177070121932,8.571428571428571,Mean,
0.06695264939070773,0.06764432656167091,0.053786927034147496,0.07253851327510585,1.511857892036909,Std,
