Accuracy,Recall,Precision,F1-Score,n_clusters,run,base_classifiers
0.5555555555555556,0.5833333333333334,0.41269841269841273,0.41391941391941395,3.0,run1,"[SVC(), KNeighborsClassifier(), SVC()]"
0.5,0.5,0.5818181818181818,0.4625668449197861,3.0,run2,"[SVC(), SVC(), GaussianNB()]"
0.8888888888888888,0.8952380952380952,0.9166666666666666,0.8948370927318295,3.0,run3,"[GradientBoostingClassifier(), SVC(), KNeighborsClassifier()]"
0.9166666666666666,0.9,0.9411764705882352,0.9089184060721062,3.0,run4,"[DecisionTreeClassifier(), SVC(), KNeighborsClassifier()]"
0.9166666666666666,0.9166666666666666,0.9523809523809524,0.9267399267399267,3.0,run5,"[DecisionTreeClassifier(), SVC(), KNeighborsClassifier()]"
0.5833333333333334,0.5151515151515151,0.5333333333333333,0.4852941176470587,3.0,run6,"[SVC(), SVC(), GradientBoostingClassifier()]"
0.8611111111111112,0.8041666666666667,0.9166666666666666,0.8345648604269295,3.0,run7,"[GaussianNB(), KNeighborsClassifier(), SVC()]"
0.7460317460317459,0.7306508967223253,0.7506772405932071,0.7038343803510072,3.0,Mean,
0.18937068961029924,0.19022652456733502,0.23168252954296478,0.23641044555723617,0.0,Std,
