Accuracy,Recall,Precision,F1-Score,n_clusters,run,base_classifiers
0.9649122807017544,0.9594202898550726,0.9672453324598755,0.962987012987013,,run1,Simple
0.9736842105263158,0.98,0.9642857142857143,0.9712773998488284,,run2,Simple
0.9649122807017544,0.9580740255486406,0.9672569328433009,0.9623015873015873,,run3,Simple
0.956140350877193,0.9242424242424243,0.9709302325581395,0.9440463335623834,,run4,Simple
0.956140350877193,0.9526854219948849,0.9560386473429952,0.9542792973449907,,run5,Simple
0.9385964912280702,0.9342105263157894,0.9287179487179487,0.9313666465984347,,run6,Simple
0.9385964912280702,0.9225641025641026,0.9401709401709402,0.9304575163398694,,run7,Simple
0.956140350877193,0.9473138272172734,0.9563779640541306,0.9509593991404438,,Mean,
0.013399344137297771,0.021119198325687705,0.016013597855668308,0.016068318882337455,,Std,
