Accuracy,Recall,Precision,F1-Score,n_clusters,run,base_classifiers
0.9473684210526315,0.933531746031746,0.9539473684210527,0.9422297297297297,2.0,run1,"[SVC(), SVC(kernel='linear')]"
0.9912280701754386,0.99,0.9923076923076923,0.991073525957247,2.0,run2,"[KNeighborsClassifier(), SVC()]"
0.9649122807017544,0.9621875,0.9668560606060606,0.9642072213500785,2.0,run3,"[SVC(), RandomForestClassifier()]"
0.956140350877193,0.9473684210526316,0.9534924534924535,0.9503267973856209,2.0,run4,"[RandomForestClassifier(), SVC(kernel='linear')]"
0.9649122807017544,0.9565653190778483,0.9671794871794872,0.9614864864864865,2.0,run5,"[RandomForestClassifier(), SVC()]"
0.956140350877193,0.9479166666666667,0.9647887323943662,0.9542792973449907,2.0,run6,"[KNeighborsClassifier(), SVC(kernel='linear')]"
0.9385964912280702,0.9186046511627908,0.9551282051282051,0.9322062696457396,2.0,run7,"[GaussianNB(), KNeighborsClassifier()]"
0.9598997493734336,0.9508820434273834,0.9648142856470454,0.9565441896999847,2.0,Mean,
0.01668753914405862,0.022562244899744954,0.013575376085640878,0.01878140585499645,0.0,Std,
