Accuracy,Recall,Precision,F1-Score,n_clusters,run
0.9912280701754386,0.9893617021276595,0.9926470588235294,0.9909199522102747,2.0,run1
0.9473684210526315,0.9142857142857144,0.9647058823529412,0.9348323170731707,2.0,run2
0.9692982456140351,0.9518237082066869,0.9786764705882354,0.9628761346417227,2.0,Mean
0.03101345531519947,0.0530867401073182,0.019757395356682955,0.039659947146163124,0.0,Std
