Accuracy,Recall,Precision,F1-Score,n_clusters,run,base_classifiers
0.9473684210526315,0.9484126984126984,0.9402597402597402,0.9439895185063871,3.0,run1,"[SVC(), RandomForestClassifier(), KNeighborsClassifier()]"
0.956140350877193,0.9602941176470587,0.9394524394524395,0.9488651655153852,3.0,run2,"[KNeighborsClassifier(), SVC(), SVC()]"
0.9736842105263158,0.9692460317460317,0.9741062479117941,0.9715828832571667,3.0,run3,"[KNeighborsClassifier(), RandomForestClassifier(), KNeighborsClassifier()]"
0.8421052631578947,0.7857142857142857,0.9,0.8080808080808082,3.0,run4,"[KNeighborsClassifier(), KNeighborsClassifier(), KNeighborsClassifier()]"
0.956140350877193,0.938034188034188,0.9601571268237935,0.9480448455017774,3.0,run5,"[KNeighborsClassifier(), SVC(), RandomForestClassifier()]"
0.9736842105263158,0.9744245524296675,0.9712607176881549,0.9727598566308244,3.0,run6,"[KNeighborsClassifier(), SVC(), GaussianNB()]"
0.9824561403508771,0.9767441860465116,0.9863013698630136,0.9811507936507937,3.0,run7,"[KNeighborsClassifier(), KNeighborsClassifier(), SVC()]"
0.9473684210526316,0.936124294290063,0.9530768059998481,0.9392105530204489,3.0,Mean,
0.048045838377646165,0.06779372940869592,0.029137440208528716,0.05961209623746894,0.0,Std,
