Accuracy,Recall,Precision,F1-Score,n_clusters,run,base_classifiers
0.78,0.6517610289698281,0.7885714285714286,0.668474984930681,,run1,Simple
0.73,0.5992723492723493,0.6294037940379404,0.6066433566433567,,run2,Simple
0.765,0.6476157082748948,0.7703917790622993,0.660392355215145,,run3,Simple
0.735,0.6391673546408775,0.684375,0.6489949998344315,,run4,Simple
0.745,0.663613749434645,0.7219665592882345,0.6746515262671048,,run5,Simple
0.78,0.6620689655172414,0.7345309381237525,0.6794871794871795,,run6,Simple
0.73,0.5931202669747144,0.63164579931047,0.6000592504814102,,run7,Simple
0.7521428571428572,0.6366599175835072,0.7086978997705893,0.6483862361227583,,Mean,
0.022519832529192086,0.028925249532452037,0.06304165736983856,0.03236040530885339,,Std,
