Accuracy,Recall,Precision,F1-Score,n_clusters,run,base_classifiers
0.755,0.644047619047619,0.719560878243513,0.6567545795243599,3.0,run1,"[RandomForestClassifier(), LogisticRegression(), SVC()]"
0.735,0.5878419825788247,0.6695075757575758,0.5897674058593598,3.0,run2,"[GradientBoostingClassifier(), RandomForestClassifier(), RandomForestClassifier()]"
0.74,0.6565632739709871,0.6903225806451613,0.6662816069824156,3.0,run3,"[GradientBoostingClassifier(), RandomForestClassifier(), LogisticRegression()]"
0.74,0.6529630965260248,0.6824372759856631,0.6621621621621622,3.0,run4,"[LogisticRegression(), RandomForestClassifier(), RandomForestClassifier()]"
0.78,0.7094017094017093,0.7634408602150538,0.7241379310344828,3.0,run5,"[RandomForestClassifier(), GradientBoostingClassifier(), LogisticRegression()]"
0.75,0.6607576493443419,0.6928904428904429,0.6710093433346492,3.0,run6,"[LogisticRegression(), LogisticRegression(), LogisticRegression()]"
0.755,0.6625535859112501,0.7279077322936972,0.6754859432431537,3.0,run7,"[LogisticRegression(), LogisticRegression(), LogisticRegression()]"
0.7507142857142857,0.6534469881115367,0.7065810494330151,0.6636569960200832,3.0,Mean,
0.015118578920369103,0.035752894997418815,0.032314795892461994,0.039514475200493934,0.0,Std,
