Accuracy,Recall,Precision,F1-Score,n_clusters,run,base_classifiers
0.79,0.7190275829827022,0.7645398080180689,0.7336377473363773,2.0,run1,"[LogisticRegression(), LogisticRegression()]"
0.81,0.7278996865203762,0.7692193749074212,0.7432085416948236,2.0,run2,"[LogisticRegression(), RandomForestClassifier()]"
0.77,0.6976190476190476,0.7275219298245614,0.7082699137493659,2.0,run3,"[SVC(kernel='linear'), LogisticRegression()]"
0.765,0.6509796850583003,0.7336309523809523,0.6657064618229667,2.0,run4,"[RandomForestClassifier(), LogisticRegression()]"
0.74,0.6335418966997914,0.6733556298773691,0.643640350877193,2.0,run5,"[RandomForestClassifier(), LogisticRegression()]"
0.805,0.7123259899986485,0.7367389993972273,0.7226074895977809,2.0,run6,"[RandomForestClassifier(), LogisticRegression()]"
0.81,0.7166144200626958,0.7751234272973404,0.735780837157558,2.0,run7,"[LogisticRegression(), RandomForestClassifier()]"
0.7842857142857144,0.6940011869916517,0.7400185888147057,0.7075501917480095,2.0,Mean,
0.026837252006084687,0.03683714114967495,0.0349714168302673,0.03832243366100829,0.0,Std,
