Accuracy,Recall,Precision,F1-Score,n_clusters,run,base_classifiers
0.6432926829268293,0.5860983336439157,0.6151203199790178,0.5815414140532995,3.0,run1,"[RandomForestClassifier(), SVC(), SVC()]"
0.6189024390243902,0.5371210151834628,0.67738670347366,0.46233033899416437,3.0,run2,"[SVC(), SVC(), SVC()]"
0.6402439024390244,0.5405061307635053,0.7071314102564102,0.47240284082389344,3.0,run3,"[SVC(), SVC(), SVC()]"
0.6067073170731707,0.5374850870913863,0.6490003414393566,0.4645609506093163,3.0,run4,"[SVC(), SVC(), SVC()]"
0.6204268292682927,0.5308828076685219,0.7195205714678206,0.4447386759581882,3.0,run5,"[SVC(), SVC(), SVC()]"
0.6600609756097561,0.5611560960436672,0.6351920858841273,0.5362046827195917,3.0,run6,"[SVC(), SVC(), SVC()]"
0.6173780487804879,0.557294201861131,0.633151450625499,0.5136104357998033,3.0,run7,"[SVC(), SVC(), RandomForestClassifier()]"
0.6295731707317074,0.5500776674650844,0.6623575547322703,0.49648419127975096,3.0,Mean,
0.018711333983254023,0.019402762761529396,0.03978884818978267,0.04924233536645106,0.0,Std,
