Accuracy,Recall,Precision,F1-Score,n_clusters,run,base_classifiers
0.649390243902439,0.5957805907172996,0.6346051609209504,0.5886945522746108,,run1,Simple
0.6844512195121951,0.6150923125895273,0.6682297346419483,0.6135410885805763,,run2,Simple
0.6615853658536586,0.6121410992616899,0.6568189486470072,0.6062084257206208,,run3,Simple
0.6753048780487805,0.6046997573084398,0.6424480736559435,0.6048494515097269,,run4,Simple
0.6966463414634146,0.6323701444783283,0.6778001611603546,0.6353264892799777,,run5,Simple
0.6585365853658537,0.5910815939278937,0.6332408049965301,0.5850914840749943,,run6,Simple
0.6753048780487805,0.6121794871794872,0.6882364445313646,0.601058681444809,,run7,Simple
0.671602787456446,0.6090492836375238,0.657339904079157,0.6049671675550451,,Mean,
0.016248816453707772,0.013647665929497666,0.021646708265576322,0.016692673950913523,,Std,
