Accuracy,Recall,Precision,F1-Score,n_clusters,run,base_classifiers
0.6036585365853658,0.5799145299145299,0.5821256038647342,0.5805420294132113,5.0,run1,"[SVC(), SVC(kernel='linear'), SVC(), SVC(), SVC()]"
0.6265243902439024,0.5657321331956127,0.5888752926154501,0.558809400280548,5.0,run2,"[SVC(), SVC(), SVC(), SVC(), LogisticRegression()]"
0.6417682926829268,0.5623958615879413,0.6774624603939936,0.5174160345847667,5.0,run3,"[SVC(), SVC(), SVC(), SVC(), SVC()]"
0.6478658536585366,0.5425840409156364,0.6469298245614035,0.4924556297246514,5.0,run4,"[SVC(), SVC(), RandomForestClassifier(), SVC(), SVC()]"
0.6295731707317073,0.5499437680309032,0.6041819665442676,0.518566281398081,5.0,run5,"[RandomForestClassifier(), SVC(kernel='linear'), SVC(), SVC(), SVC()]"
0.6402439024390244,0.5526481219550526,0.6274733637747336,0.5163692707552356,5.0,run6,"[SVC(), SVC(), RandomForestClassifier(), SVC(), GradientBoostingClassifier()]"
0.6173780487804879,0.5528677199772778,0.6039410918452336,0.5203882194278657,5.0,run7,"[RandomForestClassifier(), SVC(), SVC(), SVC(), SVC()]"
0.6295731707317073,0.5580123107967078,0.6187128005142595,0.5292209807977657,5.0,Mean,
0.015420722464932425,0.012361854015546788,0.03411431468814545,0.02988053752537393,0.0,Std,
