Accuracy,Recall,Precision,F1-Score,n_clusters,run,base_classifiers
0.6402439024390244,0.5680391871574761,0.641698482920227,0.5385129012257357,2.0,run1,"[SVC(), SVC()]"
0.6509146341463414,0.5998897781185604,0.6579856900315304,0.5852628963460929,2.0,run2,"[RandomForestClassifier(), SVC()]"
0.6402439024390244,0.5527221726380211,0.6327185640569835,0.5143484534788882,2.0,run3,"[SVC(), SVC()]"
0.6570121951219512,0.5809544765537138,0.6595359235275979,0.5592121963237819,2.0,run4,"[SVC(), SVC()]"
0.6783536585365854,0.5789069347770044,0.6332915273132664,0.5720067902055305,2.0,run5,"[SVC(), RandomForestClassifier()]"
0.6798780487804879,0.6012820512820514,0.6592842290970953,0.5966410175327641,2.0,run6,"[SVC(), RandomForestClassifier()]"
0.6280487804878049,0.5656788475120695,0.6106357665542137,0.5451900345517366,2.0,run7,"[SVC(), SVC()]"
0.6535278745644598,0.5782104925769852,0.642164311928702,0.5587391842377899,2.0,Mean,
0.0197135013467997,0.01789066217219627,0.0182911412449328,0.028517621273757968,0.0,Std,
