Accuracy,Recall,Precision,F1-Score,n_clusters,run,base_classifiers
0.6173780487804879,0.537608225108225,0.6177431553471486,0.48019837925036385,4.0,run1,"[SVC(), LogisticRegression(), SVC(), SVC()]"
0.6265243902439024,0.5280724501021531,0.6039461720312784,0.4668524323696737,4.0,run2,"[SVC(), RandomForestClassifier(), SVC(), SVC()]"
0.6326219512195121,0.5403012077649014,0.636006600660066,0.4852556693310759,4.0,run3,"[SVC(), RandomForestClassifier(), SVC(), SVC()]"
0.625,0.5370650967524008,0.7637887217528676,0.4527994791666667,4.0,run4,"[SVC(), LogisticRegression(), SVC(), SVC()]"
0.6524390243902439,0.5664002820542955,0.6695678271308523,0.5308112177677394,4.0,run5,"[SVC(), SVC(), RandomForestClassifier(), SVC()]"
0.5975609756097561,0.5415449339721865,0.5562055335968379,0.5304528891202498,4.0,run6,"[SVC(), SVC(), SVC(), SVC()]"
0.6371951219512195,0.5657793506693338,0.6805320945945945,0.5201376936316695,4.0,run7,"[LogisticRegression(), SVC(), GradientBoostingClassifier(), SVC()]"
0.6269599303135889,0.5452530780604994,0.6468271578733781,0.495215394376777,4.0,Mean,
0.017059424946072075,0.014874274478543533,0.06626611705521909,0.031775617020098436,0.0,Std,
