Accuracy,Recall,Precision,F1-Score,n_clusters,run,base_classifiers
0.6234756097560976,0.5635620491244249,0.6170984639343102,0.5358725448353102,,run1,Simple
0.614329268292683,0.5486626468769326,0.5898403353848899,0.5198449320854609,,run2,Simple
0.6387195121951219,0.5610670645485308,0.6303280053280054,0.5304535337092395,,run3,Simple
0.649390243902439,0.5801682832768493,0.6433946488294314,0.5612678104100028,,run4,Simple
0.6295731707317073,0.5791419198729904,0.6270184809971142,0.5599077895724914,,run5,Simple
0.6539634146341463,0.5919384188787152,0.674621461487821,0.5691889311596823,,run6,Simple
0.6661585365853658,0.6057174410043786,0.673049173049173,0.5937184501438038,,run7,Simple
0.6393728222996515,0.5757511176546888,0.6364786527158207,0.5528934274165701,,Mean,
0.018289658092922365,0.019532017322719388,0.030326439217337603,0.02561581479928536,,Std,
