Accuracy,Recall,Precision,F1-Score,n_clusters,run,base_classifiers
0.9722222222222222,0.9666666666666667,0.9696969696969697,0.9665831244778613,,run1,Simple
0.9722222222222222,0.9583333333333334,0.9629629629629629,0.9581699346405229,,run2,Simple
0.9722222222222222,0.9791666666666666,0.9523809523809524,0.9636062861869313,,run3,Simple
0.9444444444444444,0.9488636363636364,0.9363636363636364,0.941400421875804,,run4,Simple
0.9722222222222222,0.9761904761904763,0.9696969696969697,0.9717813051146384,,run5,Simple
0.9166666666666666,0.9473684210526315,0.8956228956228957,0.9138888888888889,,run6,Simple
0.9722222222222222,0.9722222222222222,0.9791666666666666,0.9747545582047685,,run7,Simple
0.9603174603174603,0.9641159174993763,0.9522701504844362,0.9557406456270593,,Mean,
0.021855438679706764,0.0128522858691254,0.028598041392894895,0.02145294184090076,,Std,
