Accuracy,Recall,Precision,F1-Score,n_clusters,run,base_classifiers
0.9722222222222222,0.9743589743589745,0.9629629629629629,0.9670588235294119,2.0,run1,"[GaussianNB(), SVC()]"
0.6111111111111112,0.6666666666666666,0.5057471264367815,0.5606060606060607,2.0,run2,"[SVC(), SVC()]"
1.0,1.0,1.0,1.0,2.0,run3,"[GaussianNB(), SVC()]"
1.0,1.0,1.0,1.0,2.0,run4,"[SVC(), RandomForestClassifier()]"
0.9166666666666666,0.9473684210526315,0.8888888888888888,0.9093167701863355,2.0,run5,"[GaussianNB(), RandomForestClassifier()]"
0.7777777777777778,0.6666666666666666,0.5555555555555555,0.6,2.0,run6,"[SVC(), SVC()]"
1.0,1.0,1.0,1.0,2.0,run7,"[GaussianNB(), SVC()]"
0.8968253968253969,0.8935801041064199,0.8447363619777413,0.862425950617401,2.0,Mean,
0.14934208055762194,0.1561908062950762,0.2186270063008797,0.19574186650116054,0.0,Std,
