Accuracy,Recall,Precision,F1-Score,n_clusters,run,base_classifiers
0.9722222222222222,0.9761904761904763,0.9722222222222222,0.9731615673644659,2.0,run1,"[RandomForestClassifier(), SVC()]"
0.7222222222222222,0.6491228070175438,0.5185185185185185,0.5745950554134698,2.0,run2,"[SVC(), SVC()]"
0.5833333333333334,0.6190476190476191,0.4327272727272728,0.5051282051282051,2.0,run3,"[SVC(), SVC()]"
1.0,1.0,1.0,1.0,2.0,run4,"[GaussianNB(), SVC()]"
0.9722222222222222,0.9777777777777779,0.9791666666666666,0.9777530589543938,2.0,run5,"[RandomForestClassifier(), SVC()]"
0.9166666666666666,0.937950937950938,0.8722222222222222,0.8930700735578784,2.0,run6,"[RandomForestClassifier(), SVC()]"
0.6111111111111112,0.6666666666666666,0.48,0.5370370370370371,2.0,run7,"[SVC(), SVC()]"
0.8253968253968255,0.832393754950146,0.7506938431938431,0.7801064282079215,2.0,Mean,
0.18124106740744816,0.17683253153165535,0.2602821029116692,0.2289028621950574,0.0,Std,
