Accuracy,Recall,Precision,F1-Score,n_clusters,run,base_classifiers
0.7777777777777778,0.6333333333333333,0.5277777777777778,0.5757575757575758,4.0,run1,"[SVC(), SVC(), KNeighborsClassifier(), KNeighborsClassifier()]"
0.7222222222222222,0.6666666666666666,0.5079365079365079,0.5625,4.0,run2,"[SVC(), KNeighborsClassifier(), GradientBoostingClassifier(), SVC()]"
0.3888888888888889,0.3611111111111111,0.45714285714285713,0.23183760683760682,4.0,run3,"[SVC(), SVC(), SVC(), KNeighborsClassifier()]"
0.9166666666666666,0.8571428571428571,0.9411764705882352,0.8768328445747802,4.0,run4,"[SVC(kernel='linear'), SVC(), KNeighborsClassifier(), KNeighborsClassifier()]"
0.7777777777777778,0.8044871794871794,0.825925925925926,0.7842592592592593,4.0,run5,"[GaussianNB(), KNeighborsClassifier(), SVC(), DecisionTreeClassifier()]"
0.6111111111111112,0.5952380952380952,0.48,0.497037037037037,4.0,run6,"[KNeighborsClassifier(), SVC(), KNeighborsClassifier(), SVC()]"
0.8333333333333334,0.7724867724867724,0.882051282051282,0.7862573099415204,4.0,run7,"[DecisionTreeClassifier(), RandomForestClassifier(), KNeighborsClassifier(), GradientBoostingClassifier()]"
0.7182539682539683,0.6700665736380021,0.6602872602032266,0.6163545190582543,4.0,Mean,
0.17304802866082583,0.16631796935118745,0.21215358305347637,0.22043376046775068,0.0,Std,
