Accuracy,Recall,Precision,F1-Score,n_clusters,run
0.9722222222222222,0.9833333333333334,0.9629629629629629,0.9718451483157367,2.0,run1
0.9722222222222222,0.9696969696969697,0.9814814814814815,0.9746031746031746,2.0,run2
0.9722222222222222,0.9765151515151516,0.9722222222222222,0.9732241614594557,2.0,Mean
0.0,0.009642365197998399,0.013094570021973161,0.0019502190905381193,0.0,Std
