Accuracy,Recall,Precision,F1-Score,n_clusters,run,base_classifiers
0.9444444444444444,0.9333333333333332,0.9500891265597149,0.936988936988937,,run1,Simple
0.9444444444444444,0.9391534391534391,0.9391534391534391,0.9391534391534391,,run2,Simple
0.9444444444444444,0.9583333333333334,0.9444444444444445,0.9474747474747475,,run3,Simple
0.8611111111111112,0.8838612368024132,0.8576097105508871,0.8684766214177979,,run4,Simple
0.8888888888888888,0.8982683982683982,0.8982683982683982,0.8896969696969697,,run5,Simple
0.9722222222222222,0.9814814814814815,0.9583333333333334,0.9682539682539684,,run6,Simple
0.9722222222222222,0.9761904761904763,0.9666666666666667,0.9701104613385315,,run7,Simple
0.9325396825396826,0.9386602426518393,0.9306521598538405,0.9314507349034845,,Mean,
0.04199605255658079,0.03717584063562093,0.03891763529013001,0.038524755299455,,Std,
